{"data": {"timestamp_sec": 55, "timestamp_ns": 989998748, "steering_angle": -0.0}}
{"data": {"timestamp_sec": 56, "timestamp_ns": 29998747, "steering_angle": -0.0}}
{"data": {"timestamp_sec": 57, "timestamp_ns": 29998725, "steering_angle": -0.0}}
{"data": {"timestamp_sec": 58, "timestamp_ns": 29998702, "steering_angle": -0.0}}
{"data": {"timestamp_sec": 59, "timestamp_ns": 29998680, "steering_angle": -0.0}}
{"data": {"timestamp_sec": 60, "timestamp_ns": 29998658, "steering_angle": -0.0}}
{"data": {"timestamp_sec": 61, "timestamp_ns": 29998635, "steering_angle": -0.0}}
{"data": {"timestamp_sec": 62, "timestamp_ns": 29998613, "steering_angle": 0.0}}
{"data": {"timestamp_sec": 63, "timestamp_ns": 29998591, "steering_angle": -0.0032606597524136305}}
{"data": {"timestamp_sec": 64, "timestamp_ns": 29998568, "steering_angle": -0.004874672740697861}}
{"data": {"timestamp_sec": 65, "timestamp_ns": 29998546, "steering_angle": -0.009952646680176258}}
{"data": {"timestamp_sec": 66, "timestamp_ns": 29998524, "steering_angle": -0.013531838543713093}}
{"data": {"timestamp_sec": 67, "timestamp_ns": 29998501, "steering_angle": -0.013368993066251278}}
{"data": {"timestamp_sec": 68, "timestamp_ns": 29998479, "steering_angle": -0.011124792508780956}}
{"data": {"timestamp_sec": 69, "timestamp_ns": 29998457, "steering_angle": -0.01141683105379343}}
{"data": {"timestamp_sec": 70, "timestamp_ns": 29998434, "steering_angle": -0.009556909091770649}}
{"data": {"timestamp_sec": 71, "timestamp_ns": 29998412, "steering_angle": -0.006235698238015175}}
{"data": {"timestamp_sec": 72, "timestamp_ns": 29998390, "steering_angle": -0.006285042967647314}}
{"data": {"timestamp_sec": 73, "timestamp_ns": 29998367, "steering_angle": -0.0019580840598791838}}
{"data": {"timestamp_sec": 74, "timestamp_ns": 29998345, "steering_angle": -0.0008580072899349034}}
{"data": {"timestamp_sec": 75, "timestamp_ns": 29998322, "steering_angle": -0.00014534901129081845}}
{"data": {"timestamp_sec": 76, "timestamp_ns": 29998300, "steering_angle": 1.3478008042966394e-08}}
{"data": {"timestamp_sec": 77, "timestamp_ns": 29998278, "steering_angle": 2.0593038385641194e-08}}
{"data": {"timestamp_sec": 78, "timestamp_ns": 29998255, "steering_angle": 2.1115498682888756e-08}}
{"data": {"timestamp_sec": 79, "timestamp_ns": 29998233, "steering_angle": 2.138981258781314e-08}}
{"data": {"timestamp_sec": 80, "timestamp_ns": 29998211, "steering_angle": 2.1932082816533693e-08}}
{"data": {"timestamp_sec": 81, "timestamp_ns": 29998188, "steering_angle": 2.191080206159768e-08}}
{"data": {"timestamp_sec": 82, "timestamp_ns": 29998166, "steering_angle": 2.4589051463408396e-05}}
{"data": {"timestamp_sec": 83, "timestamp_ns": 29998144, "steering_angle": 2.1200365907247942e-08}}
{"data": {"timestamp_sec": 84, "timestamp_ns": 29998121, "steering_angle": 2.2442574021397377e-08}}
{"data": {"timestamp_sec": 85, "timestamp_ns": 29998099, "steering_angle": 2.2660668008711582e-08}}
{"data": {"timestamp_sec": 86, "timestamp_ns": 29998077, "steering_angle": 5.649481317959726e-05}}
{"data": {"timestamp_sec": 87, "timestamp_ns": 29998054, "steering_angle": 5.3669431508751586e-05}}
{"data": {"timestamp_sec": 88, "timestamp_ns": 29998032, "steering_angle": 5.934841465204954e-05}}
{"data": {"timestamp_sec": 89, "timestamp_ns": 29998010, "steering_angle": 3.044058161094654e-08}}
{"data": {"timestamp_sec": 90, "timestamp_ns": 29997987, "steering_angle": 2.2578291236641235e-08}}
{"data": {"timestamp_sec": 91, "timestamp_ns": 29997965, "steering_angle": 5.742674329667352e-05}}
{"data": {"timestamp_sec": 92, "timestamp_ns": 29997942, "steering_angle": 5.7087381719611585e-05}}
{"data": {"timestamp_sec": 93, "timestamp_ns": 29997920, "steering_angle": 6.0091657360317186e-05}}
{"data": {"timestamp_sec": 94, "timestamp_ns": 29997898, "steering_angle": 6.155760638648644e-05}}
{"data": {"timestamp_sec": 95, "timestamp_ns": 29997875, "steering_angle": 6.276735075516626e-05}}
{"data": {"timestamp_sec": 96, "timestamp_ns": 29997853, "steering_angle": 6.360885890899226e-05}}
{"data": {"timestamp_sec": 97, "timestamp_ns": 29997831, "steering_angle": 6.414191011572257e-05}}
{"data": {"timestamp_sec": 98, "timestamp_ns": 29997808, "steering_angle": 6.431005749618635e-05}}
{"data": {"timestamp_sec": 99, "timestamp_ns": 29997786, "steering_angle": 6.465357000706717e-05}}
{"data": {"timestamp_sec": 100, "timestamp_ns": 29997764, "steering_angle": 6.678058707620949e-05}}
{"data": {"timestamp_sec": 101, "timestamp_ns": 29997741, "steering_angle": 6.0532023780979216e-05}}
{"data": {"timestamp_sec": 102, "timestamp_ns": 29997719, "steering_angle": 5.3228788601700217e-05}}
{"data": {"timestamp_sec": 103, "timestamp_ns": 29997697, "steering_angle": 5.642443647957407e-05}}
{"data": {"timestamp_sec": 104, "timestamp_ns": 29997674, "steering_angle": 4.8439003876410425e-05}}
{"data": {"timestamp_sec": 105, "timestamp_ns": 29997652, "steering_angle": 0.001634409069083631}}
{"data": {"timestamp_sec": 106, "timestamp_ns": 29997630, "steering_angle": 0.005329971667379141}}
{"data": {"timestamp_sec": 107, "timestamp_ns": 29997607, "steering_angle": 0.007466955576092005}}
{"data": {"timestamp_sec": 108, "timestamp_ns": 29997585, "steering_angle": 0.006836773362010717}}
{"data": {"timestamp_sec": 109, "timestamp_ns": 29997562, "steering_angle": 0.004907731432467699}}
{"data": {"timestamp_sec": 110, "timestamp_ns": 29997540, "steering_angle": 0.0017221965827047825}}
{"data": {"timestamp_sec": 111, "timestamp_ns": 29997518, "steering_angle": 0.0009371355990879238}}
{"data": {"timestamp_sec": 112, "timestamp_ns": 29997495, "steering_angle": -0.0014050953323021531}}
{"data": {"timestamp_sec": 113, "timestamp_ns": 29997473, "steering_angle": -8.949474431574345e-05}}
{"data": {"timestamp_sec": 114, "timestamp_ns": 29997451, "steering_angle": -0.00042788294376805425}}
{"data": {"timestamp_sec": 115, "timestamp_ns": 29997428, "steering_angle": 0.0027726399712264538}}
{"data": {"timestamp_sec": 116, "timestamp_ns": 29997406, "steering_angle": 0.003094838699325919}}
{"data": {"timestamp_sec": 117, "timestamp_ns": 29997384, "steering_angle": -0.00026684158365242183}}
{"data": {"timestamp_sec": 118, "timestamp_ns": 29997361, "steering_angle": -0.0001646078599151224}}
{"data": {"timestamp_sec": 119, "timestamp_ns": 29997339, "steering_angle": 0.0005276055308058858}}
{"data": {"timestamp_sec": 120, "timestamp_ns": 29997317, "steering_angle": -0.0015648725675418973}}
{"data": {"timestamp_sec": 121, "timestamp_ns": 29997294, "steering_angle": -0.005231983959674835}}
{"data": {"timestamp_sec": 122, "timestamp_ns": 29997272, "steering_angle": -0.010745410807430744}}
{"data": {"timestamp_sec": 123, "timestamp_ns": 29997250, "steering_angle": -0.017091291025280952}}
{"data": {"timestamp_sec": 124, "timestamp_ns": 29997227, "steering_angle": -0.015851343050599098}}
{"data": {"timestamp_sec": 125, "timestamp_ns": 29997205, "steering_angle": -0.015770338475704193}}
{"data": {"timestamp_sec": 126, "timestamp_ns": 29997183, "steering_angle": -0.012782529927790165}}
{"data": {"timestamp_sec": 127, "timestamp_ns": 29997160, "steering_angle": -0.01512590516358614}}
{"data": {"timestamp_sec": 128, "timestamp_ns": 29997138, "steering_angle": -0.005815865006297827}}
{"data": {"timestamp_sec": 129, "timestamp_ns": 29997115, "steering_angle": -0.013531006872653961}}
{"data": {"timestamp_sec": 130, "timestamp_ns": 29997093, "steering_angle": -0.01371743157505989}}
{"data": {"timestamp_sec": 131, "timestamp_ns": 29997071, "steering_angle": -0.011997363530099392}}
{"data": {"timestamp_sec": 132, "timestamp_ns": 29997048, "steering_angle": -0.005791478790342808}}
{"data": {"timestamp_sec": 133, "timestamp_ns": 29997026, "steering_angle": -0.0014110299525782466}}
{"data": {"timestamp_sec": 134, "timestamp_ns": 29997004, "steering_angle": 0.001512369024567306}}
{"data": {"timestamp_sec": 135, "timestamp_ns": 29996981, "steering_angle": 0.010671691037714481}}
