{"data": {"timestamp_sec": 55, "timestamp_ns": 989998748, "longitudinal_velocity": 0.0, "lateral_velocity": -0.0, "yaw_rate": -0.0}}
{"data": {"timestamp_sec": 56, "timestamp_ns": 29998747, "longitudinal_velocity": 0.0, "lateral_velocity": -0.0, "yaw_rate": -0.0}}
{"data": {"timestamp_sec": 57, "timestamp_ns": 29998725, "longitudinal_velocity": 0.0, "lateral_velocity": -0.0, "yaw_rate": -0.0}}
{"data": {"timestamp_sec": 58, "timestamp_ns": 29998702, "longitudinal_velocity": 0.0, "lateral_velocity": -0.0, "yaw_rate": -0.0}}
{"data": {"timestamp_sec": 59, "timestamp_ns": 29998680, "longitudinal_velocity": 0.0, "lateral_velocity": -0.0, "yaw_rate": -0.0}}
{"data": {"timestamp_sec": 60, "timestamp_ns": 29998658, "longitudinal_velocity": 0.0, "lateral_velocity": -0.0, "yaw_rate": -0.0}}
{"data": {"timestamp_sec": 61, "timestamp_ns": 29998635, "longitudinal_velocity": 0.0, "lateral_velocity": -0.0, "yaw_rate": -0.0}}
{"data": {"timestamp_sec": 62, "timestamp_ns": 29998613, "longitudinal_velocity": 0.0, "lateral_velocity": -0.0, "yaw_rate": -0.0}}
{"data": {"timestamp_sec": 63, "timestamp_ns": 29998591, "longitudinal_velocity": 0.0, "lateral_velocity": -0.0, "yaw_rate": -0.0}}
{"data": {"timestamp_sec": 64, "timestamp_ns": 29998568, "longitudinal_velocity": 0.17041745781898499, "lateral_velocity": 0.0006983578205108643, "yaw_rate": -0.0004261057765688747}}
{"data": {"timestamp_sec": 65, "timestamp_ns": 29998546, "longitudinal_velocity": 0.5633699893951416, "lateral_velocity": -0.0018794834613800049, "yaw_rate": -0.002183792181313038}}
{"data": {"timestamp_sec": 66, "timestamp_ns": 29998524, "longitudinal_velocity": 0.8871618509292603, "lateral_velocity": -0.005031108856201172, "yaw_rate": -0.004580636974424124}}
{"data": {"timestamp_sec": 67, "timestamp_ns": 29998501, "longitudinal_velocity": 0.9698138236999512, "lateral_velocity": -0.00690266489982605, "yaw_rate": -0.004793690051883459}}
{"data": {"timestamp_sec": 68, "timestamp_ns": 29998479, "longitudinal_velocity": 0.9200416207313538, "lateral_velocity": -0.0055113136768341064, "yaw_rate": -0.003834951901808381}}
{"data": {"timestamp_sec": 69, "timestamp_ns": 29998457, "longitudinal_velocity": 1.3612620830535889, "lateral_velocity": -0.008333802223205566, "yaw_rate": -0.00569916469976306}}
{"data": {"timestamp_sec": 70, "timestamp_ns": 29998434, "longitudinal_velocity": 1.6776279211044312, "lateral_velocity": -0.007784545421600342, "yaw_rate": -0.006125270389020443}}
{"data": {"timestamp_sec": 71, "timestamp_ns": 29998412, "longitudinal_velocity": 1.7693544626235962, "lateral_velocity": -0.006469905376434326, "yaw_rate": -0.003994741477072239}}
{"data": {"timestamp_sec": 72, "timestamp_ns": 29998390, "longitudinal_velocity": 1.4384419918060303, "lateral_velocity": -0.003058493137359619, "yaw_rate": -0.0030892668291926384}}
{"data": {"timestamp_sec": 73, "timestamp_ns": 29998367, "longitudinal_velocity": 1.0313549041748047, "lateral_velocity": -0.0014238953590393066, "yaw_rate": 0.00010652644414221868}}
{"data": {"timestamp_sec": 74, "timestamp_ns": 29998345, "longitudinal_velocity": 0.5765727162361145, "lateral_velocity": 0.0004927217960357666, "yaw_rate": -0.0}}
{"data": {"timestamp_sec": 75, "timestamp_ns": 29998322, "longitudinal_velocity": 0.17033366858959198, "lateral_velocity": -0.0001985505223274231, "yaw_rate": 5.326322207110934e-05}}
{"data": {"timestamp_sec": 76, "timestamp_ns": 29998300, "longitudinal_velocity": 0.0, "lateral_velocity": -0.0, "yaw_rate": -0.0}}
{"data": {"timestamp_sec": 77, "timestamp_ns": 29998278, "longitudinal_velocity": 0.0, "lateral_velocity": -0.0, "yaw_rate": -0.0}}
{"data": {"timestamp_sec": 78, "timestamp_ns": 29998255, "longitudinal_velocity": 0.0, "lateral_velocity": -0.0, "yaw_rate": -0.0}}
{"data": {"timestamp_sec": 79, "timestamp_ns": 29998233, "longitudinal_velocity": 0.0, "lateral_velocity": -0.0, "yaw_rate": -0.0}}
{"data": {"timestamp_sec": 80, "timestamp_ns": 29998211, "longitudinal_velocity": 0.0, "lateral_velocity": -0.0, "yaw_rate": -0.0}}
{"data": {"timestamp_sec": 81, "timestamp_ns": 29998188, "longitudinal_velocity": 0.0, "lateral_velocity": -0.0, "yaw_rate": -0.0}}
{"data": {"timestamp_sec": 82, "timestamp_ns": 29998166, "longitudinal_velocity": 0.0, "lateral_velocity": -0.0, "yaw_rate": -0.0}}
{"data": {"timestamp_sec": 83, "timestamp_ns": 29998144, "longitudinal_velocity": 0.0, "lateral_velocity": -0.0, "yaw_rate": -0.0}}
{"data": {"timestamp_sec": 84, "timestamp_ns": 29998121, "longitudinal_velocity": 0.0, "lateral_velocity": -0.0, "yaw_rate": -0.0}}
{"data": {"timestamp_sec": 85, "timestamp_ns": 29998099, "longitudinal_velocity": 0.0, "lateral_velocity": -0.0, "yaw_rate": -0.0}}
{"data": {"timestamp_sec": 86, "timestamp_ns": 29998077, "longitudinal_velocity": 0.0, "lateral_velocity": -0.0, "yaw_rate": -0.0}}
{"data": {"timestamp_sec": 87, "timestamp_ns": 29998054, "longitudinal_velocity": 0.0, "lateral_velocity": -0.0, "yaw_rate": 5.326322207110934e-05}}
{"data": {"timestamp_sec": 88, "timestamp_ns": 29998032, "longitudinal_velocity": 0.0, "lateral_velocity": -0.0, "yaw_rate": -0.0}}
{"data": {"timestamp_sec": 89, "timestamp_ns": 29998010, "longitudinal_velocity": 0.0, "lateral_velocity": -0.0, "yaw_rate": -0.0}}
{"data": {"timestamp_sec": 90, "timestamp_ns": 29997987, "longitudinal_velocity": 0.0, "lateral_velocity": -0.0, "yaw_rate": -0.0}}
{"data": {"timestamp_sec": 91, "timestamp_ns": 29997965, "longitudinal_velocity": 0.0, "lateral_velocity": -0.0, "yaw_rate": -0.0}}
{"data": {"timestamp_sec": 92, "timestamp_ns": 29997942, "longitudinal_velocity": 0.0, "lateral_velocity": -0.0, "yaw_rate": -0.0}}
{"data": {"timestamp_sec": 93, "timestamp_ns": 29997920, "longitudinal_velocity": 0.0, "lateral_velocity": -0.0, "yaw_rate": -0.0}}
{"data": {"timestamp_sec": 94, "timestamp_ns": 29997898, "longitudinal_velocity": 0.0, "lateral_velocity": -0.0, "yaw_rate": -0.0}}
{"data": {"timestamp_sec": 95, "timestamp_ns": 29997875, "longitudinal_velocity": 0.0, "lateral_velocity": -0.0, "yaw_rate": -0.0}}
{"data": {"timestamp_sec": 96, "timestamp_ns": 29997853, "longitudinal_velocity": 0.0, "lateral_velocity": -0.0, "yaw_rate": -0.0}}
{"data": {"timestamp_sec": 97, "timestamp_ns": 29997831, "longitudinal_velocity": 0.0, "lateral_velocity": -0.0, "yaw_rate": -0.0}}
{"data": {"timestamp_sec": 98, "timestamp_ns": 29997808, "longitudinal_velocity": 0.0, "lateral_velocity": -0.0, "yaw_rate": 5.326322207110934e-05}}
{"data": {"timestamp_sec": 99, "timestamp_ns": 29997786, "longitudinal_velocity": 0.0, "lateral_velocity": -0.0, "yaw_rate": -0.0}}
{"data": {"timestamp_sec": 100, "timestamp_ns": 29997764, "longitudinal_velocity": 0.0, "lateral_velocity": -0.0, "yaw_rate": -0.0}}
{"data": {"timestamp_sec": 101, "timestamp_ns": 29997741, "longitudinal_velocity": 0.0, "lateral_velocity": -0.0, "yaw_rate": 5.326322207110934e-05}}
{"data": {"timestamp_sec": 102, "timestamp_ns": 29997719, "longitudinal_velocity": 0.0, "lateral_velocity": -0.0, "yaw_rate": -0.0}}
{"data": {"timestamp_sec": 103, "timestamp_ns": 29997697, "longitudinal_velocity": 0.0, "lateral_velocity": -0.0, "yaw_rate": -0.0}}
{"data": {"timestamp_sec": 104, "timestamp_ns": 29997674, "longitudinal_velocity": 0.0, "lateral_velocity": -0.0, "yaw_rate": -0.0}}
{"data": {"timestamp_sec": 105, "timestamp_ns": 29997652, "longitudinal_velocity": 0.13559648394584656, "lateral_velocity": -0.00013519823551177979, "yaw_rate": 5.326322207110934e-05}}
{"data": {"timestamp_sec": 106, "timestamp_ns": 29997630, "longitudinal_velocity": 0.5849907994270325, "lateral_velocity": 0.0012869834899902344, "yaw_rate": 0.0010120011866092682}}
{"data": {"timestamp_sec": 107, "timestamp_ns": 29997607, "longitudinal_velocity": 0.9993095993995667, "lateral_velocity": 0.002564728260040283, "yaw_rate": 0.0025566346012055874}}
{"data": {"timestamp_sec": 108, "timestamp_ns": 29997585, "longitudinal_velocity": 1.556502103805542, "lateral_velocity": 0.004520535469055176, "yaw_rate": 0.003195793367922306}}
{"data": {"timestamp_sec": 109,