{"data": {"timestamp_sec": 100, "timestamp_ns": 809997746, "position": {"x": 81403.59995850979, "y": 49963.24494015234, "z": 40.93466961982319}, "orientation": {"x": -0.007288983320734662, "y": -0.00044226693682228096, "z": 0.7442697650565022, "w": 0.6678391961728852}}}
{"data": {"timestamp_sec": 101, "timestamp_ns": 9997742, "position": {"x": 81403.59994721897, "y": 49963.244541992186, "z": 40.93494226461797}, "orientation": {"x": -0.00732065004726517, "y": -0.0004722165125198882, "z": 0.7442703353080108, "w": 0.6678381937827095}}}
{"data": {"timestamp_sec": 102, "timestamp_ns": 19997719, "position": {"x": 81403.59986878016, "y": 49963.24419425347, "z": 40.935008832166744}, "orientation": {"x": -0.0073536105295684395, "y": -0.0005116214147864286, "z": 0.7442713717076832, "w": 0.667836647625803}}}
{"data": {"timestamp_sec": 103, "timestamp_ns": 19997697, "position": {"x": 81403.60003190751, "y": 49963.24315085967, "z": 40.93378112357972}, "orientation": {"x": -0.007338918295741046, "y": -0.0005401146888867401, "z": 0.7442654084817302, "w": 0.6678434324689392}}}
{"data": {"timestamp_sec": 104, "timestamp_ns": 19997674, "position": {"x": 81403.60002936682, "y": 49963.243411787524, "z": 40.93434332546687}, "orientation": {"x": -0.007347058505640623, "y": -0.0004847277960218811, "z": 0.7442632602685142, "w": 0.6678457794916133}}}
{"data": {"timestamp_sec": 105, "timestamp_ns": 19997652, "position": {"x": 81403.59951374865, "y": 49963.24786465139, "z": 40.93344226460549}, "orientation": {"x": -0.007164379512217182, "y": -0.0004154325522326358, "z": 0.7442689415904112, "w": 0.6678414794439534}}}
{"data": {"timestamp_sec": 106, "timestamp_ns": 9997630, "position": {"x": 81403.59892531954, "y": 49963.25240724488, "z": 40.93217865075601}, "orientation": {"x": -0.007267743439040969, "y": -0.0005003769231713751, "z": 0.7442661400405957, "w": 0.6678434264985404}}}
{"data": {"timestamp_sec": 107, "timestamp_ns": 19997607, "position": {"x": 81403.59885151697, "y": 49963.25406122002, "z": 40.935090334644684}, "orientation": {"x": -0.007155434991860363, "y": -0.0003796206687183561, "z": 0.744273808237627, "w": 0.6678361730317437}}}
{"data": {"timestamp_sec": 108, "timestamp_ns": 9997585, "position": {"x": 81403.59888322066, "y": 49963.25449945146, "z": 40.935021042615475}, "orientation": {"x": -0.007275866290274306, "y": -0.000453988547685752, "z": 0.7442764260350756, "w": 0.667831907977284}}}
{"data": {"timestamp_sec": 109, "timestamp_ns": 9997563, "position": {"x": 81403.59931747452, "y": 49963.251605489204, "z": 40.93511755540732}, "orientation": {"x": -0.007351182539948367, "y": -0.0005228623124065362, "z": 0.744275309016589, "w": 0.6678322776854436}}}
{"data": {"timestamp_sec": 110, "timestamp_ns": 19997540, "position": {"x": 81403.59936151923, "y": 49963.25283922011, "z": 40.93540576821395}, "orientation": {"x": -0.0073515654515833515, "y": -0.0005247652556859554, "z": 0.7442766732017569, "w": 0.6678307516388883}}}
{"data": {"timestamp_sec": 111, "timestamp_ns": 19997518, "position": {"x": 81403.5997077431, "y": 49963.25134125718, "z": 40.9353403786032}, "orientation": {"x": -0.007352593975307494, "y": -0.0005218982075997449, "z": 0.7442754209006252, "w": 0.6678321382108625}}}
{"data": {"timestamp_sec": 112, "timestamp_ns": 19997496, "position": {"x": 81403.59989880996, "y": 49963.251885992315, "z": 40.93451762030818}, "orientation": {"x": -0.0073665470480426785, "y": -0.0005329873792335941, "z": 0.7442764315138058, "w": 0.6678308493938548}}}
{"data": {"timestamp_sec": 113, "timestamp_ns": 9997474, "position": {"x": 81403.59984985432, "y": 49963.254667721936, "z": 40.93399818336841}, "orientation": {"x": -0.00738533742464401, "y": -0.0005320486625321119, "z": 0.7442851769385516, "w": 0.6678208959780263}}}
{"data": {"timestamp_sec": 114, "timestamp_ns": 29997451, "position": {"x": 81403.60015931263, "y": 49963.253919203504, "z": 40.93392548789276}, "orientation": {"x": -0.007370331547506443, "y": -0.0005318450273305978, "z": 0.7442939245932807, "w": 0.6678113125481466}}}
{"data": {"timestamp_sec": 115, "timestamp_ns": 9997429, "position": {"x": 81403.60033445625, "y": 49963.252635611556, "z": 40.93531590802375}, "orientation": {"x": -0.00722112556561667, "y": -0.00045424511729313423, "z": 0.7442836337270925, "w": 0.6678244691331204}}}
{"data": {"timestamp_sec": 116, "timestamp_ns": 9997406, "position": {"x": 81403.60053030775, "y": 49963.25103293168, "z": 40.93478878127153}, "orientation": {"x": -0.007243276215497819, "y": -0.00048569164082334654, "z": 0.7442791137802415, "w": 0.6678292445257206}}}
{"data": {"timestamp_sec": 117, "timestamp_ns": 9997384, "position": {"x": 81403.60058208767, "y": 49963.25209204808, "z": 40.93431327024772}, "orientation": {"x": -0.007329395670770243, "y": -0.0005256961493360223, "z": 0.7442872736042595, "w": 0.6678191805821377}}}
{"data": {"timestamp_sec": 118, "timestamp_ns": 9997362, "position": {"x": 81403.60061210534, "y": 49963.25365831251, "z": 40.932956132290066}, "orientation": {"x": -0.007381194396595871, "y": -0.0005567077054529244, "z": 0.7442979191378347, "w": 0.6678067202513758}}}
{"data": {"timestamp_sec": 119, "timestamp_ns": 9997339, "position": {"x": 81403.59915842493, "y": 49963.268778868915, "z": 40.93509310103281}, "orientation": {"x": -0.007334324628390359, "y": -0.0005529690422969059, "z": 0.7442720581254163, "w": 0.6678360617705821}}}
{"data": {"timestamp_sec": 120, "timestamp_ns": 19997317, "position": {"x": 81403.55283490263, "y": 49963.692611935934, "z": 40.93529778807471}, "orientation": {"x": -0.006869179913771799, "y": -0.0007284211178801938, "z": 0.7454144331396967, "w": 0.6665655306397203}}}
{"data": {"timestamp_sec": 121, "timestamp_ns": 19997294, "position": {"x": 81403.3895742121, "y": 49965.03485190757, "z": 40.93001715130206}, "orientation": {"x": -0.005709983274651079, "y": 0.00013353141336020034, "z": 0.7518714017843845, "w": 0.6592850471830447}}}
{"data": {"timestamp_sec": 122, "timestamp_ns": 9997272, "position": {"x": 81403.04953570486, "y": 49967.37146092609, "z": 40.89940887699577}, "orientation": {"x": -0.0048413070605842655, "y": 0.0014237329119126169, "z": 0.7599402222029702, "w": 0.6499733789999718}}}
{"data": {"timestamp_sec": 123, "timestamp_ns": 19997250, "position": {"x": 81402.5069374843, "y": 49970.67837325584, "z": 40.8690754612698}, "orientation": {"x": -0.00444215837835656, "y": 0.0030164140409965133, "z": 0.7635058587634712, "w": 0.6457785782364799}}}
{"data": {"timestamp_sec": 124, "timestamp_ns": 19997227, "position": {"x": 81401.78111161369, "y": 49974.94009810393, "z": 40.82402777874662}, "orientation": {"x": -0.004667632913251229, "y": 0.00420493411356266, "z": 0.7651281030966214, "w": 0.6438474334684061}}}
{"data": {"timestamp_sec": 125, "timestamp_ns": 19997205, "position": {"x": 81400.80918379872, "y": 49980.03424490062, "z": 40.760851046669785}, "orientation": {"x": -0.004675851145950899, "y": 0.004715606631003486, "z": 0.7803677722094703, "w": 0.6252855664150507}}}
{"data": {"timestamp_sec": 126, "timestamp_ns": 9997183, "position": {"x": 81399.32733363898, "y": 49985.44712251783, "z": 40.68425790403607}, "orientation": {"x": -0.006331792354959367, "y": 0.005311485015431558, "z": 0.8087023568536225, "w": 0.5881600076100898}}}
{"data": {"timestamp_sec": 127, "timestamp_ns": 9997161, "position": {"x": 81397.46538699596, "y": 49990.87514082784, "z": 40.554750391812135}, "orientation": {"x": -0.011690105308709457, "y": 0.002626769426072889, "z": 0.8138119161160379, "w": 0.5810048250297035}}}
{"data": {"timestamp_sec": 128, "timestamp_ns": 19997138, "position": {"x": 81395.80918267733, "y": 49996.40827894082, "z": 40.43485774041043}, "orientation": {"x": -0.013692005026842499, "y": -0.001105791089851111, "z": 0.7883953244741613, "w": 0.615015543357802}}}
{"data": {"timestamp_sec": 129, "timestamp_ns": 9997116, "position": {"x": 81394.61542927095, "y": 50002.05097279191, "z": 40.33605911304246}, "orientation": {"x": -0.013327323161538458, "y": -0.000567634141712175,