{"data": {"timestamp_sec": 100, "timestamp_ns": 829997746, "steering_angle": -0.14052776992321014}}
{"data": {"timestamp_sec": 101, "timestamp_ns": 29997741, "steering_angle": -0.14052776992321014}}
{"data": {"timestamp_sec": 102, "timestamp_ns": 29997719, "steering_angle": -0.14052776992321014}}
{"data": {"timestamp_sec": 103, "timestamp_ns": 29997697, "steering_angle": -0.14052776992321014}}
{"data": {"timestamp_sec": 104, "timestamp_ns": 29997674, "steering_angle": -0.14052776992321014}}
{"data": {"timestamp_sec": 105, "timestamp_ns": 29997652, "steering_angle": -0.14052776992321014}}
{"data": {"timestamp_sec": 106, "timestamp_ns": 29997630, "steering_angle": -0.14052776992321014}}
{"data": {"timestamp_sec": 107, "timestamp_ns": 29997607, "steering_angle": -0.14052776992321014}}
{"data": {"timestamp_sec": 108, "timestamp_ns": 29997585, "steering_angle": -0.14052776992321014}}
{"data": {"timestamp_sec": 109, "timestamp_ns": 29997562, "steering_angle": -0.14052776992321014}}
{"data": {"timestamp_sec": 110, "timestamp_ns": 29997540, "steering_angle": -0.14052776992321014}}
{"data": {"timestamp_sec": 111, "timestamp_ns": 29997518, "steering_angle": -0.14052776992321014}}
{"data": {"timestamp_sec": 112, "timestamp_ns": 29997495, "steering_angle": -0.14052776992321014}}
{"data": {"timestamp_sec": 113, "timestamp_ns": 29997473, "steering_angle": -0.14052776992321014}}
{"data": {"timestamp_sec": 114, "timestamp_ns": 29997451, "steering_angle": -0.14052776992321014}}
{"data": {"timestamp_sec": 115, "timestamp_ns": 29997428, "steering_angle": -0.14052776992321014}}
{"data": {"timestamp_sec": 116, "timestamp_ns": 29997406, "steering_angle": -0.14052776992321014}}
{"data": {"timestamp_sec": 117, "timestamp_ns": 29997384, "steering_angle": -0.14052776992321014}}
{"data": {"timestamp_sec": 118, "timestamp_ns": 29997361, "steering_angle": -0.14052776992321014}}
{"data": {"timestamp_sec": 119, "timestamp_ns": 29997339, "steering_angle": 0.007671884261071682}}
{"data": {"timestamp_sec": 120, "timestamp_ns": 29997317, "steering_angle": 0.0360492542386055}}
{"data": {"timestamp_sec": 121, "timestamp_ns": 29997294, "steering_angle": 0.03717414662241936}}
{"data": {"timestamp_sec": 122, "timestamp_ns": 29997272, "steering_angle": 0.018560364842414856}}
{"data": {"timestamp_sec": 123, "timestamp_ns": 29997250, "steering_angle": 0.003065461525693536}}
{"data": {"timestamp_sec": 124, "timestamp_ns": 29997227, "steering_angle": 0.010934881865978241}}
{"data": {"timestamp_sec": 125, "timestamp_ns": 29997205, "steering_angle": 0.04637504741549492}}
{"data": {"timestamp_sec": 126, "timestamp_ns": 29997183, "steering_angle": 0.03197662532329559}}
{"data": {"timestamp_sec": 127, "timestamp_ns": 29997160, "steering_angle": -0.024291040375828743}}
{"data": {"timestamp_sec": 128, "timestamp_ns": 29997138, "steering_angle": -0.04408257454633713}}
{"data": {"timestamp_sec": 129, "timestamp_ns": 29997115, "steering_angle": -0.018041139468550682}}
{"data": {"timestamp_sec": 130, "timestamp_ns": 29997093, "steering_angle": -0.006544853560626507}}
{"data": {"timestamp_sec": 131, "timestamp_ns": 29997071, "steering_angle": -0.003947284538298845}}
{"data": {"timestamp_sec": 132, "timestamp_ns": 29997048, "steering_angle": -0.0031331272330135107}}
{"data": {"timestamp_sec": 133, "timestamp_ns": 29997026, "steering_angle": -0.002609934424981475}}
{"data": {"timestamp_sec": 134, "timestamp_ns": 29997004, "steering_angle": -0.0028837143909186125}}
{"data": {"timestamp_sec": 135, "timestamp_ns": 29996981, "steering_angle": 0.0017963360296562314}}
{"data": {"timestamp_sec": 136, "timestamp_ns": 29996959, "steering_angle": 0.005240532103925943}}
{"data": {"timestamp_sec": 137, "timestamp_ns": 29996937, "steering_angle": 0.0027939355932176113}}
{"data": {"timestamp_sec": 138, "timestamp_ns": 29996914, "steering_angle": 0.0007829989772289991}}
{"data": {"timestamp_sec": 139, "timestamp_ns": 29996892, "steering_angle": 0.000401588884415105}}
{"data": {"timestamp_sec": 140, "timestamp_ns": 29996870, "steering_angle": -8.522844291292131e-05}}
{"data": {"timestamp_sec": 141, "timestamp_ns": 29996847, "steering_angle": -0.0001530845620436594}}
{"data": {"timestamp_sec": 142, "timestamp_ns": 29996825, "steering_angle": 0.0003508386143948883}}
{"data": {"timestamp_sec": 143, "timestamp_ns": 29996803, "steering_angle": 0.0020087226293981075}}
{"data": {"timestamp_sec": 144, "timestamp_ns": 29996780, "steering_angle": -0.0022504955995827913}}
{"data": {"timestamp_sec": 145, "timestamp_ns": 29996758, "steering_angle": -0.021803168579936028}}
{"data": {"timestamp_sec": 146, "timestamp_ns": 29996735, "steering_angle": -0.003427407704293728}}
{"data": {"timestamp_sec": 147, "timestamp_ns": 29996713, "steering_angle": 0.007421242538839579}}
{"data": {"timestamp_sec": 148, "timestamp_ns": 29996691, "steering_angle": 0.00276514096185565}}
{"data": {"timestamp_sec": 149, "timestamp_ns": 29996668, "steering_angle": 0.00203906511887908}}
{"data": {"timestamp_sec": 150, "timestamp_ns": 29996646, "steering_angle": 0.002978515811264515}}
{"data": {"timestamp_sec": 151, "timestamp_ns": 29996624, "steering_angle": 0.00369459530338645}}
{"data": {"timestamp_sec": 152, "timestamp_ns": 29996601, "steering_angle": 0.004617744125425816}}
{"data": {"timestamp_sec": 153, "timestamp_ns": 29996579, "steering_angle": 0.012229086831212044}}
{"data": {"timestamp_sec": 154, "timestamp_ns": 29996557, "steering_angle": 0.01263453345745802}}
{"data": {"timestamp_sec": 155, "timestamp_ns": 29996534, "steering_angle": 0.01123606413602829}}
