{"data": {"timestamp_sec": 55, "timestamp_ns": 989998748, "steering_angle": -0.0}}
{"data": {"timestamp_sec": 56, "timestamp_ns": 989998726, "steering_angle": -0.0}}
{"data": {"timestamp_sec": 57, "timestamp_ns": 989998703, "steering_angle": -0.0}}
{"data": {"timestamp_sec": 58, "timestamp_ns": 989998681, "steering_angle": -0.0}}
{"data": {"timestamp_sec": 62, "timestamp_ns": 989998592, "steering_angle": -0.0039587379433214664}}
{"data": {"timestamp_sec": 63, "timestamp_ns": 989998569, "steering_angle": -0.009562620893120766}}
{"data": {"timestamp_sec": 64, "timestamp_ns": 989998547, "steering_angle": -0.01689974218606949}}
{"data": {"timestamp_sec": 65, "timestamp_ns": 989998525, "steering_angle": 0.00880378857254982}}
{"data": {"timestamp_sec": 66, "timestamp_ns": 989998502, "steering_angle": -0.023368988186120987}}
{"data": {"timestamp_sec": 67, "timestamp_ns": 989998480, "steering_angle": -0.013801077380776405}}
{"data": {"timestamp_sec": 68, "timestamp_ns": 989998457, "steering_angle": -0.003769260598346591}}
{"data": {"timestamp_sec": 69, "timestamp_ns": 989998435, "steering_angle": -0.015526985749602318}}
{"data": {"timestamp_sec": 70, "timestamp_ns": 989998413, "steering_angle": 0.002350754104554653}}
{"data": {"timestamp_sec": 71, "timestamp_ns": 989998390, "steering_angle": -0.013452884741127491}}
{"data": {"timestamp_sec": 72, "timestamp_ns": 989998368, "steering_angle": -0.007503802888095379}}
{"data": {"timestamp_sec": 73, "timestamp_ns": 989998346, "steering_angle": -7.5369025580585e-06}}
{"data": {"timestamp_sec": 74, "timestamp_ns": 989998323, "steering_angle": 1.5554755705693424e-08}}
{"data": {"timestamp_sec": 75, "timestamp_ns": 989998301, "steering_angle": 1.5521809615393067e-08}}
{"data": {"timestamp_sec": 76, "timestamp_ns": 989998279, "steering_angle": 1.55572568161233e-08}}
{"data": {"timestamp_sec": 77, "timestamp_ns": 989998256, "steering_angle": 1.566248464257569e-08}}
{"data": {"timestamp_sec": 104, "timestamp_ns": 989997653, "steering_angle": 0.0015002393629401922}}
{"data": {"timestamp_sec": 105, "timestamp_ns": 989997630, "steering_angle": 0.0029461446683853865}}
{"data": {"timestamp_sec": 106, "timestamp_ns": 989997608, "steering_angle": 0.006602094043046236}}
{"data": {"timestamp_sec": 107, "timestamp_ns": 989997586, "steering_angle": 0.0029374188743531704}}
{"data": {"timestamp_sec": 108, "timestamp_ns": 989997563, "steering_angle": 0.010081039741635323}}
{"data": {"timestamp_sec": 109, "timestamp_ns": 989997541, "steering_angle": 0.00035785482032224536}}
{"data": {"timestamp_sec": 110, "timestamp_ns": 989997519, "steering_angle": 0.06850133836269379}}
{"data": {"timestamp_sec": 111, "timestamp_ns": 989997496, "steering_angle": 0.019822264090180397}}
{"data": {"timestamp_sec": 112, "timestamp_ns": 989997474, "steering_angle": 0.005167366471141577}}
{"data": {"timestamp_sec": 113, "timestamp_ns": 989997452, "steering_angle": 0.0024092153180390596}}
{"data": {"timestamp_sec": 114, "timestamp_ns": 989997429, "steering_angle": 0.0017441079253330827}}
{"data": {"timestamp_sec": 115, "timestamp_ns": 989997407, "steering_angle": 0.0024909500498324633}}
{"data": {"timestamp_sec": 116, "timestamp_ns": 989997385, "steering_angle": -0.0021061089355498552}}
{"data": {"timestamp_sec": 117, "timestamp_ns": 989997362, "steering_angle": -0.037053707987070084}}
{"data": {"timestamp_sec": 118, "timestamp_ns": 989997340, "steering_angle": -0.008271025493741035}}
{"data": {"timestamp_sec": 119, "timestamp_ns": 989997318, "steering_angle": -0.0023972869385033846}}
{"data": {"timestamp_sec": 120, "timestamp_ns": 989997295, "steering_angle": -0.0004650704504456371}}
{"data": {"timestamp_sec": 121, "timestamp_ns": 989997273, "steering_angle": -0.002766474150121212}}
{"data": {"timestamp_sec": 122, "timestamp_ns": 989997250, "steering_angle": -0.008603469468653202}}
{"data": {"timestamp_sec": 123, "timestamp_ns": 989997228, "steering_angle": -0.013024091720581055}}
{"data": {"timestamp_sec": 124, "timestamp_ns": 989997206, "steering_angle": -0.014166434295475483}}
{"data": {"timestamp_sec": 125, "timestamp_ns": 989997183, "steering_angle": -0.013208028860390186}}
{"data": {"timestamp_sec": 126, "timestamp_ns": 989997161, "steering_angle": -0.01283247396349907}}
{"data": {"timestamp_sec": 127, "timestamp_ns": 989997139, "steering_angle": -0.012821981683373451}}
{"data": {"timestamp_sec": 128, "timestamp_ns": 989997116, "steering_angle": -0.011234007775783539}}
{"data": {"timestamp_sec": 129, "timestamp_ns": 989997094, "steering_angle": -0.010494430549442768}}
{"data": {"timestamp_sec": 130, "timestamp_ns": 989997072, "steering_angle": -0.0012561643961817026}}
{"data": {"timestamp_sec": 131, "timestamp_ns": 989997049, "steering_angle": -0.000956681789830327}}
{"data": {"timestamp_sec": 132, "timestamp_ns": 989997027, "steering_angle": -0.00028939920593984425}}
{"data": {"timestamp_sec": 133, "timestamp_ns": 989997005, "steering_angle": 0.0001265639584744349}}
{"data": {"timestamp_sec": 134, "timestamp_ns": 989996982, "steering_angle": 0.0017218324355781078}}
{"data": {"timestamp_sec": 135, "timestamp_ns": 989996960, "steering_angle": 8.232075197156519e-05}}
{"data": {"timestamp_sec": 136, "timestamp_ns": 989996938, "steering_angle": 0.00014150585047900677}}
{"data": {"timestamp_sec": 137, "timestamp_ns": 989996915, "steering_angle": 0.0005450657336041331}}
{"data": {"timestamp_sec": 138, "timestamp_ns": 989996893, "steering_angle": -0.00024683811352588236}}
{"data": {"timestamp_sec": 139, "timestamp_ns": 989996870, "steering_angle": -0.0006655614706687629}}
{"data": {"timestamp_sec": 140, "timestamp_ns": 989996848, "steering_angle": -0.0005320582422427833}}
{"data": {"timestamp_sec": 141, "timestamp_ns": 989996826, "steering_angle": -0.000300010375212878}}
{"data": {"timestamp_sec": 142, "timestamp_ns": 989996803, "steering_angle": -7.520931103499606e-05}}
{"data": {"timestamp_sec": 143, "timestamp_ns": 989996781, "steering_angle": -0.0001236305688507855}}
{"data": {"timestamp_sec": 144, "timestamp_ns": 989996759, "steering_angle": -0.00027068116469308734}}
{"data": {"timestamp_sec": 145, "timestamp_ns": 989996736, "steering_angle": 1.272291956411209e-05}}
{"data": {"timestamp_sec": 146, "timestamp_ns": 989996714, "steering_angle": 0.0009423114825040102}}
{"data": {"timestamp_sec": 147, "timestamp_ns": 989996692, "steering_angle": 0.001985982060432434}}
{"data": {"timestamp_sec": 148, "timestamp_ns": 989996669, "steering_angle": 0.003928210120648146}}
{"data": {"timestamp_sec": 149, "timestamp_ns": 989996647, "steering_angle": 0.009976067580282688}}
{"data": {"timestamp_sec": 150, "timestamp_ns": 989996625, "steering_angle": 0.009566782042384148}}
{"data": {"timestamp_sec": 151, "timestamp_ns": 989996602, "steering_angle": 0.009782463312149048}}
{"data": {"timestamp_sec": 152, "timestamp_ns": 989996580, "steering_angle": 0.009784056805074215}}
{"data": {"timestamp_sec": 153, "timestamp_ns": 989996558, "steering_angle": 0.009784056805074215}}
{"data": {"timestamp_sec": 154, "timestamp_ns": 989996535, "steering_angle": 0.009784056805074215}}
{"data": {"timestamp_sec": 158, "timestamp_ns": 989996446, "steering_angle": 0.01012195460498333}}
{"data": {"timestamp_sec": 159, "timestamp_ns": 989996423, "steering_angle": 0.009903954342007637}}
{"data": {"timestamp_sec": 160, "timestamp_ns": 989996401, "steering_angle": 0.009903954342007637}}
{"data": {"timestamp_sec": 161, "timestamp_ns": 989996379, "steering_angle": 0.009903954342007637}}
{"data": {"timestamp_sec": 162, "timestamp_ns": 989996356, "steering_angle": 0.009903954342007637}}
{"data": {"timestamp_sec": 173, "timestamp_ns": 989996111, "steering_angle": 0.009927290491759777}}
{"data": {"timestamp_sec": 174, "timestamp_ns": 989996088, "steering_angle": 0.011168401688337326}}
{"data": {"timestamp_sec": 175, "timestamp_ns": 989996066, "steering_angle": 0.01395761501044035}}
{"data": {"timestamp_sec": 176, "timestamp_ns": 989996043,