{"data": {"timestamp_sec": 262, "timestamp_ns": 989994121, "steering_angle": -0.09115959703922272}}
{"data": {"timestamp_sec": 263, "timestamp_ns": 989994099, "steering_angle": -0.09115959703922272}}
{"data": {"timestamp_sec": 264, "timestamp_ns": 989994077, "steering_angle": -0.09115959703922272}}
{"data": {"timestamp_sec": 265, "timestamp_ns": 989994054, "steering_angle": -0.09115959703922272}}
{"data": {"timestamp_sec": 269, "timestamp_ns": 989993965, "steering_angle": 0.014604039490222931}}
{"data": {"timestamp_sec": 270, "timestamp_ns": 989993942, "steering_angle": 0.07091054320335388}}
{"data": {"timestamp_sec": 271, "timestamp_ns": 989993920, "steering_angle": 0.0983232855796814}}
{"data": {"timestamp_sec": 272, "timestamp_ns": 989993898, "steering_angle": 0.07144021987915039}}
{"data": {"timestamp_sec": 273, "timestamp_ns": 989993875, "steering_angle": 0.036810070276260376}}
{"data": {"timestamp_sec": 274, "timestamp_ns": 989993853, "steering_angle": 0.015750980004668236}}
{"data": {"timestamp_sec": 275, "timestamp_ns": 989993831, "steering_angle": 0.0019756308756768703}}
{"data": {"timestamp_sec": 276, "timestamp_ns": 989993808, "steering_angle": -0.00738887395709753}}
{"data": {"timestamp_sec": 277, "timestamp_ns": 989993786, "steering_angle": -0.010958320461213589}}
{"data": {"timestamp_sec": 278, "timestamp_ns": 989993764, "steering_angle": -0.00901744607836008}}
{"data": {"timestamp_sec": 279, "timestamp_ns": 989993741, "steering_angle": -0.003937019966542721}}
{"data": {"timestamp_sec": 280, "timestamp_ns": 989993719, "steering_angle": -0.00034538257750682533}}
{"data": {"timestamp_sec": 281, "timestamp_ns": 989993697, "steering_angle": -0.00031810978543944657}}
{"data": {"timestamp_sec": 282, "timestamp_ns": 989993674, "steering_angle": 0.0002845652343239635}}
{"data": {"timestamp_sec": 283, "timestamp_ns": 989993652, "steering_angle": -0.0007264322484843433}}
{"data": {"timestamp_sec": 284, "timestamp_ns": 989993629, "steering_angle": -0.0012303496478125453}}
{"data": {"timestamp_sec": 285, "timestamp_ns": 989993607, "steering_angle": -0.00024892730289138854}}
{"data": {"timestamp_sec": 286, "timestamp_ns": 989993585, "steering_angle": -8.061503467615694e-05}}
{"data": {"timestamp_sec": 287, "timestamp_ns": 989993562, "steering_angle": 0.0004734043322969228}}
{"data": {"timestamp_sec": 288, "timestamp_ns": 989993540, "steering_angle": 0.001945850090123713}}
{"data": {"timestamp_sec": 289, "timestamp_ns": 989993518, "steering_angle": 0.0007372391992248595}}
{"data": {"timestamp_sec": 290, "timestamp_ns": 989993495, "steering_angle": -0.00030460808193311095}}
{"data": {"timestamp_sec": 291, "timestamp_ns": 989993473, "steering_angle": -0.00024482523440383375}}
{"data": {"timestamp_sec": 292, "timestamp_ns": 989993451, "steering_angle": -0.00034477407461963594}}
{"data": {"timestamp_sec": 293, "timestamp_ns": 989993428, "steering_angle": 0.0006092411349527538}}
{"data": {"timestamp_sec": 294, "timestamp_ns": 989993406, "steering_angle": -0.00019666927983053029}}
{"data": {"timestamp_sec": 295, "timestamp_ns": 989993384, "steering_angle": 4.1866151150316e-05}}
{"data": {"timestamp_sec": 296, "timestamp_ns": 989993361, "steering_angle": 0.0002959977719001472}}
{"data": {"timestamp_sec": 297, "timestamp_ns": 989993339, "steering_angle": -0.0006520020542666316}}
{"data": {"timestamp_sec": 298, "timestamp_ns": 989993317, "steering_angle": -0.00012350715405773371}}
{"data": {"timestamp_sec": 299, "timestamp_ns": 989993294, "steering_angle": -0.00013719788694288582}}
{"data": {"timestamp_sec": 300, "timestamp_ns": 989993272, "steering_angle": 0.0002792564919218421}}
{"data": {"timestamp_sec": 301, "timestamp_ns": 989993249, "steering_angle": 0.00010228335304418579}}
{"data": {"timestamp_sec": 302, "timestamp_ns": 989993227, "steering_angle": -7.830039248801768e-05}}
{"data": {"timestamp_sec": 303, "timestamp_ns": 989993205, "steering_angle": 0.0002293724101036787}}
{"data": {"timestamp_sec": 304, "timestamp_ns": 989993182, "steering_angle": 0.0004199034010525793}}
{"data": {"timestamp_sec": 305, "timestamp_ns": 989993160, "steering_angle": -0.0020541404373943806}}
{"data": {"timestamp_sec": 306, "timestamp_ns": 989993138, "steering_angle": -0.0003319998213555664}}
{"data": {"timestamp_sec": 307, "timestamp_ns": 989993115, "steering_angle": -0.00038903948734514415}}
{"data": {"timestamp_sec": 308, "timestamp_ns": 989993093, "steering_angle": -0.0001421481283614412}}
{"data": {"timestamp_sec": 309, "timestamp_ns": 989993071, "steering_angle": -0.0001562467950861901}}
{"data": {"timestamp_sec": 310, "timestamp_ns": 989993048, "steering_angle": 0.002063766587525606}}
{"data": {"timestamp_sec": 311, "timestamp_ns": 989993026, "steering_angle": 0.011211134493350983}}
{"data": {"timestamp_sec": 312, "timestamp_ns": 989993004, "steering_angle": 0.01996021904051304}}
{"data": {"timestamp_sec": 313, "timestamp_ns": 989992981, "steering_angle": -0.01719975285232067}}
{"data": {"timestamp_sec": 314, "timestamp_ns": 989992959, "steering_angle": -0.014628857374191284}}
{"data": {"timestamp_sec": 315, "timestamp_ns": 989992937, "steering_angle": -0.005137174855917692}}
{"data": {"timestamp_sec": 316, "timestamp_ns": 989992914, "steering_angle": -0.002382870763540268}}
{"data": {"timestamp_sec": 317, "timestamp_ns": 989992892, "steering_angle": -0.001339305890724063}}
{"data": {"timestamp_sec": 318, "timestamp_ns": 989992870, "steering_angle": -0.0016178465448319912}}
{"data": {"timestamp_sec": 319, "timestamp_ns": 989992847, "steering_angle": -0.000582497101277113}}
{"data": {"timestamp_sec": 320, "timestamp_ns": 989992825, "steering_angle": 0.0005492810741998255}}
{"data": {"timestamp_sec": 321, "timestamp_ns": 989992802, "steering_angle": -0.0003812178911175579}}
{"data": {"timestamp_sec": 322, "timestamp_ns": 989992780, "steering_angle": -0.002478630980476737}}
{"data": {"timestamp_sec": 323, "timestamp_ns": 989992758, "steering_angle": -0.0029512369073927402}}
{"data": {"timestamp_sec": 324, "timestamp_ns": 989992735, "steering_angle": -0.0016643393319100142}}
{"data": {"timestamp_sec": 325, "timestamp_ns": 989992713, "steering_angle": -0.00029259195434860885}}
{"data": {"timestamp_sec": 326, "timestamp_ns": 989992691, "steering_angle": -4.970440568285994e-05}}
{"data": {"timestamp_sec": 327, "timestamp_ns": 989992668, "steering_angle": -3.6463115975493565e-05}}
{"data": {"timestamp_sec": 328, "timestamp_ns": 989992646, "steering_angle": -3.6463115975493565e-05}}
{"data": {"timestamp_sec": 329, "timestamp_ns": 989992624, "steering_angle": -3.6463115975493565e-05}}
{"data": {"timestamp_sec": 346, "timestamp_ns": 989992244, "steering_angle": 0.0011371743166819215}}
{"data": {"timestamp_sec": 347, "timestamp_ns": 989992221, "steering_angle": 0.006617258302867413}}
{"data": {"timestamp_sec": 348, "timestamp_ns": 989992199, "steering_angle": 0.027155760675668716}}
{"data": {"timestamp_sec": 349, "timestamp_ns": 989992177, "steering_angle": 0.05814242362976074}}
{"data": {"timestamp_sec": 350, "timestamp_ns": 989992154, "steering_angle": 0.10854703187942505}}
{"data": {"timestamp_sec": 351, "timestamp_ns": 989992132, "steering_angle": 0.18618068099021912}}
{"data": {"timestamp_sec": 352, "timestamp_ns": 989992110, "steering_angle": 0.22655639052391052}}
{"data": {"timestamp_sec": 353, "timestamp_ns": 989992087, "steering_angle": 0.24346767365932465}}
{"data": {"timestamp_sec": 354, "timestamp_ns": 989992065, "steering_angle": 0.2297326773405075}}
{"data": {"timestamp_sec": 355, "timestamp_ns": 989992043, "steering_angle": 0.1329694390296936}}
{"data": {"timestamp_sec": 356, "timestamp_ns": 989992020, "steering_angle": 0.045051176100969315}}
{"data": {"timestamp_sec": 357, "timestamp_ns": 989991998, "steering_angle": 0.010771463625133038}}
{"data": {"timestamp_sec": 358, "timestamp_ns": 989991975, "steering_angle": 0.012958680279552937}}
{"data": {"timestamp_sec": 359, "timestamp_ns": 989991953,