{"data": {"timestamp_sec": 91, "timestamp_ns": 989997943, "steering_angle": -0.0}}
{"data": {"timestamp_sec": 92, "timestamp_ns": 989997921, "steering_angle": -0.0}}
{"data": {"timestamp_sec": 93, "timestamp_ns": 989997899, "steering_angle": -0.0}}
{"data": {"timestamp_sec": 94, "timestamp_ns": 989997876, "steering_angle": 0.0}}
{"data": {"timestamp_sec": 95, "timestamp_ns": 989997854, "steering_angle": -0.0035057351924479008}}
{"data": {"timestamp_sec": 96, "timestamp_ns": 989997832, "steering_angle": -0.007312375120818615}}
{"data": {"timestamp_sec": 97, "timestamp_ns": 989997809, "steering_angle": -0.012730169110000134}}
{"data": {"timestamp_sec": 98, "timestamp_ns": 989997787, "steering_angle": -0.011833484284579754}}
{"data": {"timestamp_sec": 99, "timestamp_ns": 989997765, "steering_angle": 0.0058060758747160435}}
{"data": {"timestamp_sec": 100, "timestamp_ns": 989997742, "steering_angle": -0.029207345098257065}}
{"data": {"timestamp_sec": 101, "timestamp_ns": 989997720, "steering_angle": -0.006631667260080576}}
{"data": {"timestamp_sec": 102, "timestamp_ns": 989997697, "steering_angle": -0.015712281689047813}}
{"data": {"timestamp_sec": 103, "timestamp_ns": 989997675, "steering_angle": -0.01179062481969595}}
{"data": {"timestamp_sec": 104, "timestamp_ns": 989997653, "steering_angle": 0.004147401079535484}}
{"data": {"timestamp_sec": 105, "timestamp_ns": 989997630, "steering_angle": 0.004692481830716133}}
{"data": {"timestamp_sec": 106, "timestamp_ns": 989997608, "steering_angle": 0.005413881968706846}}
{"data": {"timestamp_sec": 107, "timestamp_ns": 989997586, "steering_angle": 0.009540879167616367}}
{"data": {"timestamp_sec": 108, "timestamp_ns": 989997563, "steering_angle": 0.031660597771406174}}
{"data": {"timestamp_sec": 109, "timestamp_ns": 989997541, "steering_angle": 0.015323441475629807}}
{"data": {"timestamp_sec": 110, "timestamp_ns": 989997519, "steering_angle": 0.008241738192737103}}
{"data": {"timestamp_sec": 111, "timestamp_ns": 989997496, "steering_angle": 0.0032222061417996883}}
{"data": {"timestamp_sec": 112, "timestamp_ns": 989997474, "steering_angle": 0.0015859492123126984}}
{"data": {"timestamp_sec": 113, "timestamp_ns": 989997452, "steering_angle": 0.001794808660633862}}
{"data": {"timestamp_sec": 114, "timestamp_ns": 989997429, "steering_angle": -0.0014300495386123657}}
{"data": {"timestamp_sec": 115, "timestamp_ns": 989997407, "steering_angle": -0.03343688324093819}}
{"data": {"timestamp_sec": 116, "timestamp_ns": 989997385, "steering_angle": -0.012581503950059414}}
{"data": {"timestamp_sec": 117, "timestamp_ns": 989997362, "steering_angle": -0.002792342798784375}}
{"data": {"timestamp_sec": 118, "timestamp_ns": 989997340, "steering_angle": -0.0006013943930156529}}
{"data": {"timestamp_sec": 119, "timestamp_ns": 989997318, "steering_angle": -0.0005511161289177835}}
{"data": {"timestamp_sec": 120, "timestamp_ns": 989997295, "steering_angle": -0.004146610852330923}}
{"data": {"timestamp_sec": 121, "timestamp_ns": 989997273, "steering_angle": -0.011855052784085274}}
{"data": {"timestamp_sec": 122, "timestamp_ns": 989997250, "steering_angle": -0.015489616431295872}}
{"data": {"timestamp_sec": 123, "timestamp_ns": 989997228, "steering_angle": -0.015872057527303696}}
{"data": {"timestamp_sec": 124, "timestamp_ns": 989997206, "steering_angle": -0.0118664326146245}}
{"data": {"timestamp_sec": 125, "timestamp_ns": 989997183, "steering_angle": -0.014375739730894566}}
{"data": {"timestamp_sec": 126, "timestamp_ns": 989997161, "steering_angle": -0.010991223156452179}}
{"data": {"timestamp_sec": 127, "timestamp_ns": 989997139, "steering_angle": -0.011946441605687141}}
{"data": {"timestamp_sec": 128, "timestamp_ns": 989997116, "steering_angle": -0.004605581518262625}}
{"data": {"timestamp_sec": 129, "timestamp_ns": 989997094, "steering_angle": -0.000996159389615059}}
{"data": {"timestamp_sec": 130, "timestamp_ns": 989997072, "steering_angle": -0.0007725907489657402}}
{"data": {"timestamp_sec": 131, "timestamp_ns": 989997049, "steering_angle": -0.0004089282301720232}}
{"data": {"timestamp_sec": 132, "timestamp_ns": 989997027, "steering_angle": 0.0002226000651717186}}
{"data": {"timestamp_sec": 133, "timestamp_ns": 989997005, "steering_angle": 0.0011283247731626034}}
{"data": {"timestamp_sec": 134, "timestamp_ns": 989996982, "steering_angle": 0.0003549685934558511}}
{"data": {"timestamp_sec": 135, "timestamp_ns": 989996960, "steering_angle": -0.00015371269546449184}}
{"data": {"timestamp_sec": 136, "timestamp_ns": 989996938, "steering_angle": 0.0003782565181609243}}
{"data": {"timestamp_sec": 137, "timestamp_ns": 989996915, "steering_angle": -0.00040375126991420984}}
{"data": {"timestamp_sec": 138, "timestamp_ns": 989996893, "steering_angle": -0.0006154323928058147}}
{"data": {"timestamp_sec": 139, "timestamp_ns": 989996870, "steering_angle": -0.0002692128182388842}}
{"data": {"timestamp_sec": 140, "timestamp_ns": 989996848, "steering_angle": -0.00023228766804095358}}
{"data": {"timestamp_sec": 141, "timestamp_ns": 989996826, "steering_angle": 0.0005298929754644632}}
{"data": {"timestamp_sec": 142, "timestamp_ns": 989996803, "steering_angle": -0.0004813842533621937}}
{"data": {"timestamp_sec": 143, "timestamp_ns": 989996781, "steering_angle": -0.0004126063722651452}}
{"data": {"timestamp_sec": 144, "timestamp_ns": 989996759, "steering_angle": 0.00020494444470386952}}
{"data": {"timestamp_sec": 145, "timestamp_ns": 989996736, "steering_angle": 0.0009775909129530191}}
{"data": {"timestamp_sec": 146, "timestamp_ns": 989996714, "steering_angle": 0.0026822295039892197}}
{"data": {"timestamp_sec": 147, "timestamp_ns": 989996692, "steering_angle": 0.00957958772778511}}
{"data": {"timestamp_sec": 148, "timestamp_ns": 989996669, "steering_angle": 0.009647735394537449}}
{"data": {"timestamp_sec": 149, "timestamp_ns": 989996647, "steering_angle": 0.009708259254693985}}
{"data": {"timestamp_sec": 150, "timestamp_ns": 989996625, "steering_angle": 0.009838796220719814}}
{"data": {"timestamp_sec": 151, "timestamp_ns": 989996602, "steering_angle": 0.009838796220719814}}
{"data": {"timestamp_sec": 152, "timestamp_ns": 989996580, "steering_angle": 0.009838796220719814}}
{"data": {"timestamp_sec": 153, "timestamp_ns": 989996558, "steering_angle": 0.009838796220719814}}
{"data": {"timestamp_sec": 173, "timestamp_ns": 989996111, "steering_angle": 0.01038583368062973}}
{"data": {"timestamp_sec": 174, "timestamp_ns": 989996088, "steering_angle": 0.011783462017774582}}
{"data": {"timestamp_sec": 175, "timestamp_ns": 989996066, "steering_angle": 0.013757284730672836}}
{"data": {"timestamp_sec": 176, "timestamp_ns": 989996043, "steering_angle": 0.009318106807768345}}
{"data": {"timestamp_sec": 177, "timestamp_ns": 989996021, "steering_angle": 0.04548824205994606}}
{"data": {"timestamp_sec": 178, "timestamp_ns": 989995999, "steering_angle": 0.11091738194227219}}
{"data": {"timestamp_sec": 179, "timestamp_ns": 989995976, "steering_angle": 0.21445626020431519}}
{"data": {"timestamp_sec": 180, "timestamp_ns": 989995954, "steering_angle": 0.23998558521270752}}
{"data": {"timestamp_sec": 181, "timestamp_ns": 989995932, "steering_angle": 0.24830764532089233}}
{"data": {"timestamp_sec": 182, "timestamp_ns": 989995909, "steering_angle": 0.265611857175827}}
{"data": {"timestamp_sec": 183, "timestamp_ns": 989995887, "steering_angle": 0.265611857175827}}
{"data": {"timestamp_sec": 184, "timestamp_ns": 989995865, "steering_angle": 0.2704986333847046}}
{"data": {"timestamp_sec": 185, "timestamp_ns": 989995842, "steering_angle": 0.26881885528564453}}
{"data": {"timestamp_sec": 186, "timestamp_ns": 989995820, "steering_angle": 0.2809774875640869}}
{"data": {"timestamp_sec": 187, "timestamp_ns": 989995798, "steering_angle": 0.2447967231273651}}
{"data": {"timestamp_sec": 188, "timestamp_ns": 989995775, "steering_angle": 0.18216434121131897}}
{"data": {"timestamp_sec": 189, "timestamp_ns": 989995753, "steering_angle": 0.10577981173992157}}
{"data": {"timestamp_sec": 190,