{"data": {"timestamp_sec": 59, "timestamp_ns": 909998660, "num_objects": 1, "is_map_frame": true, "objects": [{"x": 81377.4981829348, "y": 49921.839610850824, "z": 42.528533935546875, "orientation_x": 0.005210142667115885, "orientation_y": 0.000691918928006028, "orientation_z": -0.9613053668051496, "orientation_w": 0.27543486963927105, "linear_velocity_x": 0.9815423946698119, "linear_velocity_y": 0.0, "linear_velocity_z": 0.0, "classification": 7}]}}
{"data": {"timestamp_sec": 60, "timestamp_ns": 909998638, "num_objects": 1, "is_map_frame": true, "objects": [{"x": 81376.69380998434, "y": 49921.2383781926, "z": 42.495765686035156, "orientation_x": -0.005193556897846016, "orientation_y": -0.000804122288529921, "orientation_z": -0.954283500916239, "orientation_w": 0.29885678883562306, "linear_velocity_x": 0.9854469024672785, "linear_velocity_y": 0.0, "linear_velocity_z": 0.0, "classification": 7}]}}
{"data": {"timestamp_sec": 61, "timestamp_ns": 909998616, "num_objects": 1, "is_map_frame": true, "objects": [{"x": 81375.89445769458, "y": 49920.695060783866, "z": 42.451690673828125, "orientation_x": 0.005026484923757097, "orientation_y": 0.0015308833826391526, "orientation_z": -0.955046869236193, "orientation_w": 0.2964082799240361, "linear_velocity_x": 0.956727721959562, "linear_velocity_y": 0.0, "linear_velocity_z": 0.0, "classification": 7}]}}
{"data": {"timestamp_sec": 62, "timestamp_ns": 909998593, "num_objects": 1, "is_map_frame": true, "objects": [{"x": 81375.05503951057, "y": 49920.20814620788, "z": 42.33245086669922, "orientation_x": 0.005108799150126927, "orientation_y": 0.0012267979232064175, "orientation_z": -0.9623924833583656, "orientation_w": 0.2716120452288836, "linear_velocity_x": 0.9776614343792852, "linear_velocity_y": 0.0, "linear_velocity_z": 0.0, "classification": 7}]}}
{"data": {"timestamp_sec": 70, "timestamp_ns": 909998415, "num_objects": 2, "is_map_frame": true, "objects": [{"x": 81419.54796596851, "y": 49921.802380546644, "z": 43.32799530029297, "orientation_x": 0.005630737180294889, "orientation_y": -0.0023139198954887866, "orientation_z": -0.666262780584266, "orientation_w": 0.7456921937244925, "linear_velocity_x": 5.653761260631465, "linear_velocity_y": 0.0, "linear_velocity_z": 0.0, "classification": 2}, {"x": 81368.82986938437, "y": 49915.93367700303, "z": 41.97645568847656, "orientation_x": -0.0007371457732172531, "orientation_y": -0.007856241786399385, "orientation_z": -0.3303714762009693, "orientation_w": 0.9438180035334647, "linear_velocity_x": 0.6180115750216201, "linear_velocity_y": 0.0, "linear_velocity_z": 0.0, "classification": 7}]}}
{"data": {"timestamp_sec": 71, "timestamp_ns": 909998392, "num_objects": 1, "is_map_frame": true, "objects": [{"x": 81367.59987751635, "y": 49915.39521965948, "z": 42.100616455078125, "orientation_x": -0.0008231236392072956, "orientation_y": 0.008172521956431315, "orientation_z": 0.3450337937879734, "orientation_w": 0.9385543210153712, "linear_velocity_x": -0.818263267389231, "linear_velocity_y": 0.0, "linear_velocity_z": 0.0, "classification": 7}]}}
{"data": {"timestamp_sec": 72, "timestamp_ns": 909998370, "num_objects": 1, "is_map_frame": true, "objects": [{"x": 81427.24846621537, "y": 49895.31673433782, "z": 43.002254486083984, "orientation_x": 0.006813271224733635, "orientation_y": -0.004385567562797031, "orientation_z": -0.5867049561191305, "orientation_w": 0.8097602364883197, "linear_velocity_x": 13.208136802135684, "linear_velocity_y": 0.0, "linear_velocity_z": 0.0, "classification": 2}]}}
{"data": {"timestamp_sec": 73, "timestamp_ns": 909998347, "num_objects": 0, "is_map_frame": true, "objects": []}}
{"data": {"timestamp_sec": 74, "timestamp_ns": 909998325, "num_objects": 2, "is_map_frame": true, "objects": [{"x": 81416.00278120948, "y": 49926.13232352031, "z": 43.45824432373047, "orientation_x": 0.00469448973899563, "orientation_y": 0.001553549179402094, "orientation_z": -0.6372647150406214, "orientation_w": 0.7706291139161777, "linear_velocity_x": 11.347623445657408, "linear_velocity_y": 0.0, "linear_velocity_z": 0.0, "classification": 2}, {"x": 81365.311067855, "y": 49913.670814407946, "z": 42.083709716796875, "orientation_x": -0.004932928527420418, "orientation_y": -0.00034346048639983, "orientation_z": 0.7298359411675359, "orientation_w": 0.6836044523195667, "linear_velocity_x": -0.8039883239707784, "linear_velocity_y": 0.0, "linear_velocity_z": 0.0, "classification": 7}]}}
{"data": {"timestamp_sec": 75, "timestamp_ns": 909998303, "num_objects": 0, "is_map_frame": true, "objects": []}}
{"data": {"timestamp_sec": 76, "timestamp_ns": 909998280, "num_objects": 2, "is_map_frame": true, "objects": [{"x": 81418.27411667805, "y": 49930.813535297646, "z": 43.35441207885742, "orientation_x": 0.003975049699174529, "orientation_y": 0.003673892593868397, "orientation_z": -0.6519984034788071, "orientation_w": 0.758201017774432, "linear_velocity_x": 13.350454516430606, "linear_velocity_y": 0.0, "linear_velocity_z": 0.0, "classification": 2}, {"x": 81423.94615166658, "y": 49895.96753873556, "z": 43.4263916015625, "orientation_x": 0.0040038718924391165, "orientation_y": 0.003593849324120756, "orientation_z": -0.5824363827995717, "orientation_w": 0.812858482915849, "linear_velocity_x": 13.789601981449733, "linear_velocity_y": 0.0, "linear_velocity_z": 0.0, "classification": 2}]}}
{"data": {"timestamp_sec": 77, "timestamp_ns": 909998258, "num_objects": 1, "is_map_frame": true, "objects": [{"x": 81420.97780788226, "y": 49915.626013049245, "z": 43.28364562988281, "orientation_x": 0.004621068103082625, "orientation_y": 0.0021125818591317463, "orientation_z": -0.6443477062150096, "orientation_w": 0.7647157747967088, "linear_velocity_x": 14.531907917166636, "linear_velocity_y": 0.0, "linear_velocity_z": 0.0, "classification": 2}]}}
{"data": {"timestamp_sec": 78, "timestamp_ns": 909998236, "num_objects": 1, "is_map_frame": true, "objects": [{"x": 81424.86813818842, "y": 49901.86968018941, "z": 43.20142364501953, "orientation_x": 0.004817704816566658, "orientation_y": 0.0007946830072238561, "orientation_z": -0.5937938702398337, "orientation_w": 0.8046023849485024, "linear_velocity_x": 14.454553753277692, "linear_velocity_y": 0.0, "linear_velocity_z": 0.0, "classification": 2}]}}
{"data": {"timestamp_sec": 79, "timestamp_ns": 909998213, "num_objects": 0, "is_map_frame": true, "objects": []}}
{"data": {"timestamp_sec": 80, "timestamp_ns": 909998191, "num_objects": 0, "is_map_frame": true, "objects": []}}
{"data": {"timestamp_sec": 81, "timestamp_ns": 909998169, "num_objects": 0, "is_map_frame": true, "objects": []}}
{"data": {"timestamp_sec": 82, "timestamp_ns": 909998146, "num_objects": 0, "is_map_frame": true, "objects": []}}
{"data": {"timestamp_sec": 83, "timestamp_ns": 909998124, "num_objects": 0, "is_map_frame": true, "objects": []}}
{"data": {"timestamp_sec": 84, "timestamp_ns": 909998102, "num_objects": 0, "is_map_frame": true, "objects": []}}
{"data": {"timestamp_sec": 104, "timestamp_ns": 929997654, "num_objects": 1, "is_map_frame": true, "objects": [{"x": 81382.54294819542, "y": 49925.098775450715, "z": 42.46923065185547, "orientation_x": -2.7868874657254134e-05, "orientation_y": 0.000423082461571712, "orientation_z": 0.2806348433761562, "orientation_w": 0.9598145158872087, "linear_velocity_x": -1.045050250103485, "linear_velocity_y": 0.0, "linear_velocity_z": 0.0, "classification": 7}]}}
{"data": {"timestamp_sec": 105, "timestamp_ns": 909997632, "num_objects": 1, "is_map_frame": true, "objects": [{"x": 81381.76225551979, "y": 49924.61181750118, "z": 42.469425201416016, "orientation_x": -3.4188924848980974e-05, "orientation_y": 0.0006596381621484126, "orientation_z": 0.2783990462881305, "orientation_w": 0.9604652699262332, "linear_velocity_x": -0.9743342667234999, "linear_velocity_y": 0.0, "linear_velocity_z": 0.0, "classification": 7}]}}
{"data": {"timestamp_sec": 106, "timestamp_ns": 909997610, "num_objects": 1, "is_map_frame": true, "objects": [{"x": 81380.89608968249,