{"data": {"timestamp_sec": 59, "timestamp_ns": 989998659, "longitudinal_velocity": 0.0, "lateral_velocity": -0.0, "yaw_rate": -0.0}}
{"data": {"timestamp_sec": 60, "timestamp_ns": 989998636, "longitudinal_velocity": 0.0, "lateral_velocity": -0.0, "yaw_rate": -0.0}}
{"data": {"timestamp_sec": 61, "timestamp_ns": 989998614, "longitudinal_velocity": 0.0, "lateral_velocity": -0.0, "yaw_rate": -0.0}}
{"data": {"timestamp_sec": 62, "timestamp_ns": 989998592, "longitudinal_velocity": 0.0, "lateral_velocity": -0.0, "yaw_rate": -0.0}}
{"data": {"timestamp_sec": 70, "timestamp_ns": 989998413, "longitudinal_velocity": 0.19304323196411133, "lateral_velocity": 0.00020144879817962646, "yaw_rate": -0.0005858954391442239}}
{"data": {"timestamp_sec": 71, "timestamp_ns": 989998390, "longitudinal_velocity": 0.696648359298706, "lateral_velocity": -0.002689927816390991, "yaw_rate": -0.002822950715199113}}
{"data": {"timestamp_sec": 72, "timestamp_ns": 989998368, "longitudinal_velocity": 1.252361536026001, "lateral_velocity": -0.009389817714691162, "yaw_rate": -0.009534116834402084}}
{"data": {"timestamp_sec": 73, "timestamp_ns": 989998346, "longitudinal_velocity": 1.4976716041564941, "lateral_velocity": -0.0027759671211242676, "yaw_rate": -0.0011717908782884479}}
{"data": {"timestamp_sec": 74, "timestamp_ns": 989998323, "longitudinal_velocity": 1.638515591621399, "lateral_velocity": -0.009981989860534668, "yaw_rate": -0.00777643034234643}}
{"data": {"timestamp_sec": 75, "timestamp_ns": 989998301, "longitudinal_velocity": 1.8581628799438477, "lateral_velocity": -0.005007505416870117, "yaw_rate": -0.003728425595909357}}
{"data": {"timestamp_sec": 76, "timestamp_ns": 989998279, "longitudinal_velocity": 1.7322592735290527, "lateral_velocity": -0.005957484245300293, "yaw_rate": -0.006178533658385277}}
{"data": {"timestamp_sec": 77, "timestamp_ns": 989998256, "longitudinal_velocity": 1.3012888431549072, "lateral_velocity": 0.000724494457244873, "yaw_rate": 0.0015446334145963192}}
{"data": {"timestamp_sec": 78, "timestamp_ns": 989998234, "longitudinal_velocity": 0.8924490213394165, "lateral_velocity": -0.004013091325759888, "yaw_rate": -0.004367584362626076}}
{"data": {"timestamp_sec": 79, "timestamp_ns": 989998212, "longitudinal_velocity": 0.3987705111503601, "lateral_velocity": 2.899765968322754e-05, "yaw_rate": -0.0001597896625753492}}
{"data": {"timestamp_sec": 80, "timestamp_ns": 989998189, "longitudinal_velocity": 0.054752983152866364, "lateral_velocity": -0.00023815035820007324, "yaw_rate": 5.326322207110934e-05}}
{"data": {"timestamp_sec": 81, "timestamp_ns": 989998167, "longitudinal_velocity": 0.0, "lateral_velocity": -0.0, "yaw_rate": -0.0}}
{"data": {"timestamp_sec": 82, "timestamp_ns": 989998145, "longitudinal_velocity": 0.0, "lateral_velocity": -0.0, "yaw_rate": -0.0}}
{"data": {"timestamp_sec": 83, "timestamp_ns": 989998122, "longitudinal_velocity": 0.0, "lateral_velocity": -0.0, "yaw_rate": -0.0}}
{"data": {"timestamp_sec": 84, "timestamp_ns": 989998100, "longitudinal_velocity": 0.0, "lateral_velocity": -0.0, "yaw_rate": -0.0}}
{"data": {"timestamp_sec": 104, "timestamp_ns": 989997653, "longitudinal_velocity": 0.10329937934875488, "lateral_velocity": -0.00021375343203544617, "yaw_rate": -0.0}}
{"data": {"timestamp_sec": 105, "timestamp_ns": 989997630, "longitudinal_velocity": 0.531447172164917, "lateral_velocity": 0.003223046660423279, "yaw_rate": 0.002769687445834279}}
{"data": {"timestamp_sec": 106, "timestamp_ns": 989997608, "longitudinal_velocity": 0.9259310960769653, "lateral_velocity": 0.002810835838317871, "yaw_rate": 0.002769687445834279}}
{"data": {"timestamp_sec": 107, "timestamp_ns": 989997586, "longitudinal_velocity": 1.6959954500198364, "lateral_velocity": 0.003439188003540039, "yaw_rate": 0.0023435817565768957}}
{"data": {"timestamp_sec": 108, "timestamp_ns": 989997563, "longitudinal_velocity": 2.6940500736236572, "lateral_velocity": 0.03184866905212402, "yaw_rate": 0.021198762580752373}}
{"data": {"timestamp_sec": 109, "timestamp_ns": 989997541, "longitudinal_velocity": 3.6443145275115967, "lateral_velocity": 0.03418564796447754, "yaw_rate": 0.016085492447018623}}
{"data": {"timestamp_sec": 110, "timestamp_ns": 989997519, "longitudinal_velocity": 4.6408305168151855, "lateral_velocity": 0.019993066787719727, "yaw_rate": 0.019600866362452507}}
{"data": {"timestamp_sec": 111, "timestamp_ns": 989997496, "longitudinal_velocity": 5.636737823486328, "lateral_velocity": 0.017305374145507812, "yaw_rate": 0.010865696705877781}}
{"data": {"timestamp_sec": 112, "timestamp_ns": 989997474, "longitudinal_velocity": 6.572053909301758, "lateral_velocity": 0.007895946502685547, "yaw_rate": 0.0057524279691278934}}
{"data": {"timestamp_sec": 113, "timestamp_ns": 989997452, "longitudinal_velocity": 7.500876426696777, "lateral_velocity": 0.003612041473388672, "yaw_rate": 0.002183792181313038}}
{"data": {"timestamp_sec": 114, "timestamp_ns": 989997429, "longitudinal_velocity": 8.472525596618652, "lateral_velocity": 0.011554718017578125, "yaw_rate": 0.009427590295672417}}
{"data": {"timestamp_sec": 115, "timestamp_ns": 989997407, "longitudinal_velocity": 9.3969087600708, "lateral_velocity": 0.009749412536621094, "yaw_rate": 0.005113269202411175}}
{"data": {"timestamp_sec": 116, "timestamp_ns": 989997385, "longitudinal_velocity": 10.249971389770508, "lateral_velocity": -0.03430747985839844, "yaw_rate": -0.033129721879959106}}
{"data": {"timestamp_sec": 117, "timestamp_ns": 989997362, "longitudinal_velocity": 10.93083667755127, "lateral_velocity": -0.02056121826171875, "yaw_rate": -0.024873923510313034}}
{"data": {"timestamp_sec": 118, "timestamp_ns": 989997340, "longitudinal_velocity": 11.370649337768555, "lateral_velocity": -0.00023889541625976562, "yaw_rate": -0.003195793367922306}}
{"data": {"timestamp_sec": 119, "timestamp_ns": 989997318, "longitudinal_velocity": 11.552751541137695, "lateral_velocity": -0.0043792724609375, "yaw_rate": -0.005805691238492727}}
{"data": {"timestamp_sec": 120, "timestamp_ns": 989997295, "longitudinal_velocity": 11.647643089294434, "lateral_velocity": -0.025942325592041016, "yaw_rate": -0.028549086302518845}}
{"data": {"timestamp_sec": 121, "timestamp_ns": 989997273, "longitudinal_velocity": 11.71529769897461, "lateral_velocity": -0.051422119140625, "yaw_rate": -0.05342300981283188}}
{"data": {"timestamp_sec": 122, "timestamp_ns": 989997250, "longitudinal_velocity": 11.656416893005371, "lateral_velocity": -0.06549310684204102, "yaw_rate": -0.06711165606975555}}
{"data": {"timestamp_sec": 123, "timestamp_ns": 989997228, "longitudinal_velocity": 11.733427047729492, "lateral_velocity": -0.047489166259765625, "yaw_rate": -0.04809669032692909}}
{"data": {"timestamp_sec": 124, "timestamp_ns": 989997206, "longitudinal_velocity": 11.776050567626953, "lateral_velocity": -0.05599474906921387, "yaw_rate": -0.057790596038103104}}
{"data": {"timestamp_sec": 125, "timestamp_ns": 989997183, "longitudinal_velocity": 11.767605781555176, "lateral_velocity": -0.059171199798583984, "yaw_rate": -0.05853627994656563}}
{"data": {"timestamp_sec": 126, "timestamp_ns": 989997161, "longitudinal_velocity": 11.777454376220703, "lateral_velocity": -0.053856849670410156, "yaw_rate": -0.055500276386737823}}
{"data": {"timestamp_sec": 127, "timestamp_ns": 989997139, "longitudinal_velocity": 11.614375114440918, "lateral_velocity": -0.05347156524658203, "yaw_rate": -0.04207794368267059}}
{"data": {"timestamp_sec": 128, "timestamp_ns": 989997116, "longitudinal_velocity": 7.991558074951172, "lateral_velocity": -0.013103008270263672, "yaw_rate": -0.012144014239311218}}
{"data": {"timestamp_sec": 129, "timestamp_ns": 989997094, "longitudinal_velocity": 2.9420461654663086, "lateral_velocity": -0.0023224949836730957, "yaw_rate": -0.0035686357878148556}}
{"data": {"timestamp_sec": 130, "timestamp_ns": 989997072, "longitudinal_velocity": 0.0, "lateral_velocity": -0.0, "yaw_rate": -0.0}}
{"data": {"timestamp_sec": 131, "timestamp_ns": 989997049, "longitudinal_velocity": 0.0,