{"data": {"timestamp_sec": 59, "timestamp_ns": 989998659, "steering_angle": -0.0}}
{"data": {"timestamp_sec": 60, "timestamp_ns": 989998636, "steering_angle": -0.0}}
{"data": {"timestamp_sec": 61, "timestamp_ns": 989998614, "steering_angle": -0.0}}
{"data": {"timestamp_sec": 62, "timestamp_ns": 989998592, "steering_angle": -0.0}}
{"data": {"timestamp_sec": 70, "timestamp_ns": 989998413, "steering_angle": -0.006151782814413309}}
{"data": {"timestamp_sec": 71, "timestamp_ns": 989998390, "steering_angle": -0.010479390621185303}}
{"data": {"timestamp_sec": 72, "timestamp_ns": 989998368, "steering_angle": -0.017690924927592278}}
{"data": {"timestamp_sec": 73, "timestamp_ns": 989998346, "steering_angle": -0.008247500285506248}}
{"data": {"timestamp_sec": 74, "timestamp_ns": 989998323, "steering_angle": -0.012605992145836353}}
{"data": {"timestamp_sec": 75, "timestamp_ns": 989998301, "steering_angle": -0.004026310984045267}}
{"data": {"timestamp_sec": 76, "timestamp_ns": 989998279, "steering_angle": -0.01078668050467968}}
{"data": {"timestamp_sec": 77, "timestamp_ns": 989998256, "steering_angle": 0.00297116138972342}}
{"data": {"timestamp_sec": 78, "timestamp_ns": 989998234, "steering_angle": -0.015378178097307682}}
{"data": {"timestamp_sec": 79, "timestamp_ns": 989998212, "steering_angle": -0.0014677444705739617}}
{"data": {"timestamp_sec": 80, "timestamp_ns": 989998189, "steering_angle": -5.5599899496883154e-05}}
{"data": {"timestamp_sec": 81, "timestamp_ns": 989998167, "steering_angle": 1.297827001423002e-08}}
{"data": {"timestamp_sec": 82, "timestamp_ns": 989998145, "steering_angle": 1.303507790595404e-08}}
{"data": {"timestamp_sec": 83, "timestamp_ns": 989998122, "steering_angle": 1.2978826013920752e-08}}
{"data": {"timestamp_sec": 84, "timestamp_ns": 989998100, "steering_angle": 1.2944114224922032e-08}}
{"data": {"timestamp_sec": 104, "timestamp_ns": 989997653, "steering_angle": 0.0009412919753231108}}
{"data": {"timestamp_sec": 105, "timestamp_ns": 989997630, "steering_angle": 0.017174744978547096}}
{"data": {"timestamp_sec": 106, "timestamp_ns": 989997608, "steering_angle": 0.007586286868900061}}
{"data": {"timestamp_sec": 107, "timestamp_ns": 989997586, "steering_angle": 0.004840683192014694}}
{"data": {"timestamp_sec": 108, "timestamp_ns": 989997563, "steering_angle": 0.012683780863881111}}
{"data": {"timestamp_sec": 109, "timestamp_ns": 989997541, "steering_angle": 0.005539343226701021}}
{"data": {"timestamp_sec": 110, "timestamp_ns": 989997519, "steering_angle": 0.011156685650348663}}
{"data": {"timestamp_sec": 111, "timestamp_ns": 989997496, "steering_angle": 0.006065365858376026}}
{"data": {"timestamp_sec": 112, "timestamp_ns": 989997474, "steering_angle": 0.002190903527662158}}
{"data": {"timestamp_sec": 113, "timestamp_ns": 989997452, "steering_angle": 0.0008636786951683462}}
{"data": {"timestamp_sec": 114, "timestamp_ns": 989997429, "steering_angle": 0.00308411056175828}}
{"data": {"timestamp_sec": 115, "timestamp_ns": 989997407, "steering_angle": 0.0010301591828465462}}
{"data": {"timestamp_sec": 116, "timestamp_ns": 989997385, "steering_angle": -0.010200354270637035}}
{"data": {"timestamp_sec": 117, "timestamp_ns": 989997362, "steering_angle": -0.00573293212801218}}
{"data": {"timestamp_sec": 118, "timestamp_ns": 989997340, "steering_angle": -0.0011961768614128232}}
{"data": {"timestamp_sec": 119, "timestamp_ns": 989997318, "steering_angle": -0.0018533412367105484}}
{"data": {"timestamp_sec": 120, "timestamp_ns": 989997295, "steering_angle": -0.006135422736406326}}
{"data": {"timestamp_sec": 121, "timestamp_ns": 989997273, "steering_angle": -0.014127079397439957}}
{"data": {"timestamp_sec": 122, "timestamp_ns": 989997250, "steering_angle": -0.01599477231502533}}
{"data": {"timestamp_sec": 123, "timestamp_ns": 989997228, "steering_angle": -0.0114646777510643}}
{"data": {"timestamp_sec": 124, "timestamp_ns": 989997206, "steering_angle": -0.013682743534445763}}
{"data": {"timestamp_sec": 125, "timestamp_ns": 989997183, "steering_angle": -0.013675990514457226}}
{"data": {"timestamp_sec": 126, "timestamp_ns": 989997161, "steering_angle": -0.01372629962861538}}
{"data": {"timestamp_sec": 127, "timestamp_ns": 989997139, "steering_angle": -0.009350472129881382}}
{"data": {"timestamp_sec": 128, "timestamp_ns": 989997116, "steering_angle": -0.0050169480964541435}}
{"data": {"timestamp_sec": 129, "timestamp_ns": 989997094, "steering_angle": -0.0040312339551746845}}
{"data": {"timestamp_sec": 130, "timestamp_ns": 989997072, "steering_angle": -0.0011408372083678842}}
{"data": {"timestamp_sec": 131, "timestamp_ns": 989997049, "steering_angle": -0.0015394322108477354}}
{"data": {"timestamp_sec": 132, "timestamp_ns": 989997027, "steering_angle": -0.00135921617038548}}
{"data": {"timestamp_sec": 133, "timestamp_ns": 989997005, "steering_angle": -0.004241836257278919}}
{"data": {"timestamp_sec": 134, "timestamp_ns": 989996982, "steering_angle": -0.00470781559124589}}
{"data": {"timestamp_sec": 135, "timestamp_ns": 989996960, "steering_angle": -0.0015478057321161032}}
{"data": {"timestamp_sec": 136, "timestamp_ns": 989996938, "steering_angle": 0.0006157379830256104}}
{"data": {"timestamp_sec": 137, "timestamp_ns": 989996915, "steering_angle": 0.0012085927883163095}}
{"data": {"timestamp_sec": 138, "timestamp_ns": 989996893, "steering_angle": 0.0010079334024339914}}
{"data": {"timestamp_sec": 139, "timestamp_ns": 989996870, "steering_angle": 0.0010543211828917265}}
{"data": {"timestamp_sec": 140, "timestamp_ns": 989996848, "steering_angle": 0.001005461672320962}}
{"data": {"timestamp_sec": 141, "timestamp_ns": 989996826, "steering_angle": 0.0009454692481085658}}
{"data": {"timestamp_sec": 142, "timestamp_ns": 989996803, "steering_angle": 0.0006948187947273254}}
{"data": {"timestamp_sec": 143, "timestamp_ns": 989996781, "steering_angle": 0.0009992661653086543}}
{"data": {"timestamp_sec": 144, "timestamp_ns": 989996759, "steering_angle": -7.323659519897774e-05}}
{"data": {"timestamp_sec": 145, "timestamp_ns": 989996736, "steering_angle": -0.000302140018902719}}
{"data": {"timestamp_sec": 146, "timestamp_ns": 989996714, "steering_angle": -0.00011298835306661204}}
{"data": {"timestamp_sec": 147, "timestamp_ns": 989996692, "steering_angle": -0.0001601895783096552}}
{"data": {"timestamp_sec": 148, "timestamp_ns": 989996669, "steering_angle": -0.0002812571474350989}}
{"data": {"timestamp_sec": 149, "timestamp_ns": 989996647, "steering_angle": -0.0006009244825690985}}
{"data": {"timestamp_sec": 150, "timestamp_ns": 989996625, "steering_angle": 1.0707696674217004e-05}}
{"data": {"timestamp_sec": 151, "timestamp_ns": 989996602, "steering_angle": -0.00033131896634586155}}
{"data": {"timestamp_sec": 152, "timestamp_ns": 989996580, "steering_angle": -0.0014762841165065765}}
{"data": {"timestamp_sec": 153, "timestamp_ns": 989996558, "steering_angle": 0.0012503369944170117}}
{"data": {"timestamp_sec": 154, "timestamp_ns": 989996535, "steering_angle": 0.010877919383347034}}
{"data": {"timestamp_sec": 155, "timestamp_ns": 989996513, "steering_angle": 0.016198357567191124}}
{"data": {"timestamp_sec": 156, "timestamp_ns": 989996491, "steering_angle": 0.008442814461886883}}
{"data": {"timestamp_sec": 157, "timestamp_ns": 989996468, "steering_angle": -0.018393192440271378}}
{"data": {"timestamp_sec": 158, "timestamp_ns": 989996446, "steering_angle": -0.03332921117544174}}
{"data": {"timestamp_sec": 159, "timestamp_ns": 989996423, "steering_angle": 0.024352068081498146}}
{"data": {"timestamp_sec": 160, "timestamp_ns": 69996422, "steering_angle": 0.025258416309952736}}
