{"data": {"timestamp_sec": 61, "timestamp_ns": 29998635, "longitudinal_velocity": 0.0, "lateral_velocity": -0.0, "yaw_rate": -0.0}}
{"data": {"timestamp_sec": 62, "timestamp_ns": 29998613, "longitudinal_velocity": 0.0, "lateral_velocity": -0.0, "yaw_rate": -0.0}}
{"data": {"timestamp_sec": 63, "timestamp_ns": 29998591, "longitudinal_velocity": 0.0, "lateral_velocity": -0.0, "yaw_rate": -0.0}}
{"data": {"timestamp_sec": 64, "timestamp_ns": 29998568, "longitudinal_velocity": 0.0, "lateral_velocity": -0.0, "yaw_rate": -0.0}}
{"data": {"timestamp_sec": 65, "timestamp_ns": 29998546, "longitudinal_velocity": 0.0, "lateral_velocity": -0.0, "yaw_rate": -0.0}}
{"data": {"timestamp_sec": 66, "timestamp_ns": 29998524, "longitudinal_velocity": 0.0, "lateral_velocity": -0.0, "yaw_rate": -0.0}}
{"data": {"timestamp_sec": 67, "timestamp_ns": 29998501, "longitudinal_velocity": 0.12231197208166122, "lateral_velocity": 0.0009712688624858856, "yaw_rate": -0.00047936898772604764}}
{"data": {"timestamp_sec": 68, "timestamp_ns": 29998479, "longitudinal_velocity": 0.4518170654773712, "lateral_velocity": -0.0012440383434295654, "yaw_rate": -0.0017576862592250109}}
{"data": {"timestamp_sec": 69, "timestamp_ns": 29998457, "longitudinal_velocity": 0.8312610983848572, "lateral_velocity": -0.004438459873199463, "yaw_rate": -0.004101268015801907}}
{"data": {"timestamp_sec": 70, "timestamp_ns": 29998434, "longitudinal_velocity": 1.09205961227417, "lateral_velocity": -0.0057541728019714355, "yaw_rate": -0.006072007119655609}}
{"data": {"timestamp_sec": 71, "timestamp_ns": 29998412, "longitudinal_velocity": 1.4064815044403076, "lateral_velocity": -0.008416175842285156, "yaw_rate": -0.0059654805809259415}}
{"data": {"timestamp_sec": 72, "timestamp_ns": 29998390, "longitudinal_velocity": 1.6393498182296753, "lateral_velocity": -0.008233845233917236, "yaw_rate": -0.006018743850290775}}
{"data": {"timestamp_sec": 73, "timestamp_ns": 29998367, "longitudinal_velocity": 1.8367247581481934, "lateral_velocity": -0.006215870380401611, "yaw_rate": -0.004420847166329622}}
{"data": {"timestamp_sec": 74, "timestamp_ns": 29998345, "longitudinal_velocity": 1.6868171691894531, "lateral_velocity": -0.004020631313323975, "yaw_rate": -0.004207794554531574}}
{"data": {"timestamp_sec": 75, "timestamp_ns": 29998322, "longitudinal_velocity": 1.2520793676376343, "lateral_velocity": -0.0031414031982421875, "yaw_rate": -0.0013315805699676275}}
{"data": {"timestamp_sec": 76, "timestamp_ns": 29998300, "longitudinal_velocity": 0.8407751321792603, "lateral_velocity": 0.00014415383338928223, "yaw_rate": -0.0005858954391442239}}
{"data": {"timestamp_sec": 77, "timestamp_ns": 29998278, "longitudinal_velocity": 0.36536628007888794, "lateral_velocity": -0.00016251206398010254, "yaw_rate": -0.00010652644414221868}}
{"data": {"timestamp_sec": 78, "timestamp_ns": 29998255, "longitudinal_velocity": 0.0, "lateral_velocity": -0.0, "yaw_rate": -0.0}}
{"data": {"timestamp_sec": 79, "timestamp_ns": 29998233, "longitudinal_velocity": 0.0, "lateral_velocity": -0.0, "yaw_rate": -0.0}}
{"data": {"timestamp_sec": 80, "timestamp_ns": 29998211, "longitudinal_velocity": 0.0, "lateral_velocity": -0.0, "yaw_rate": -0.0}}
{"data": {"timestamp_sec": 81, "timestamp_ns": 29998188, "longitudinal_velocity": 0.0, "lateral_velocity": -0.0, "yaw_rate": -0.0}}
{"data": {"timestamp_sec": 82, "timestamp_ns": 29998166, "longitudinal_velocity": 0.0, "lateral_velocity": -0.0, "yaw_rate": -0.0}}
{"data": {"timestamp_sec": 83, "timestamp_ns": 29998144, "longitudinal_velocity": 0.0, "lateral_velocity": -0.0, "yaw_rate": -0.0}}
{"data": {"timestamp_sec": 84, "timestamp_ns": 29998121, "longitudinal_velocity": 0.0, "lateral_velocity": -0.0, "yaw_rate": -0.0}}
{"data": {"timestamp_sec": 85, "timestamp_ns": 29998099, "longitudinal_velocity": 0.0, "lateral_velocity": -0.0, "yaw_rate": -0.0}}
{"data": {"timestamp_sec": 86, "timestamp_ns": 29998077, "longitudinal_velocity": 0.0, "lateral_velocity": -0.0, "yaw_rate": -0.0}}
{"data": {"timestamp_sec": 87, "timestamp_ns": 29998054, "longitudinal_velocity": 0.0, "lateral_velocity": -0.0, "yaw_rate": -0.0}}
{"data": {"timestamp_sec": 88, "timestamp_ns": 29998032, "longitudinal_velocity": 0.0, "lateral_velocity": -0.0, "yaw_rate": -5.326322207110934e-05}}
{"data": {"timestamp_sec": 89, "timestamp_ns": 29998010, "longitudinal_velocity": 0.0, "lateral_velocity": -0.0, "yaw_rate": -5.326322207110934e-05}}
{"data": {"timestamp_sec": 90, "timestamp_ns": 29997987, "longitudinal_velocity": 0.0, "lateral_velocity": -0.0, "yaw_rate": -0.0}}
{"data": {"timestamp_sec": 91, "timestamp_ns": 29997965, "longitudinal_velocity": 0.0, "lateral_velocity": -0.0, "yaw_rate": -0.0}}
{"data": {"timestamp_sec": 92, "timestamp_ns": 29997942, "longitudinal_velocity": 0.0, "lateral_velocity": -0.0, "yaw_rate": -0.0}}
{"data": {"timestamp_sec": 93, "timestamp_ns": 29997920, "longitudinal_velocity": 0.0, "lateral_velocity": -0.0, "yaw_rate": -0.0}}
{"data": {"timestamp_sec": 94, "timestamp_ns": 29997898, "longitudinal_velocity": 0.0, "lateral_velocity": -0.0, "yaw_rate": -0.0}}
{"data": {"timestamp_sec": 95, "timestamp_ns": 29997875, "longitudinal_velocity": 0.0, "lateral_velocity": -0.0, "yaw_rate": -0.0}}
{"data": {"timestamp_sec": 96, "timestamp_ns": 29997853, "longitudinal_velocity": 0.0, "lateral_velocity": -0.0, "yaw_rate": -0.0}}
{"data": {"timestamp_sec": 97, "timestamp_ns": 29997831, "longitudinal_velocity": 0.0, "lateral_velocity": -0.0, "yaw_rate": -0.0}}
{"data": {"timestamp_sec": 98, "timestamp_ns": 29997808, "longitudinal_velocity": 0.0, "lateral_velocity": -0.0, "yaw_rate": -0.0}}
{"data": {"timestamp_sec": 99, "timestamp_ns": 29997786, "longitudinal_velocity": 0.0, "lateral_velocity": -0.0, "yaw_rate": -0.0}}
{"data": {"timestamp_sec": 100, "timestamp_ns": 29997764, "longitudinal_velocity": 0.0, "lateral_velocity": -0.0, "yaw_rate": -0.0}}
{"data": {"timestamp_sec": 101, "timestamp_ns": 29997741, "longitudinal_velocity": 0.0, "lateral_velocity": -0.0, "yaw_rate": -0.0}}
{"data": {"timestamp_sec": 102, "timestamp_ns": 29997719, "longitudinal_velocity": 0.0, "lateral_velocity": -0.0, "yaw_rate": -0.0}}
{"data": {"timestamp_sec": 103, "timestamp_ns": 29997697, "longitudinal_velocity": 0.0, "lateral_velocity": -0.0, "yaw_rate": -0.0}}
{"data": {"timestamp_sec": 104, "timestamp_ns": 29997674, "longitudinal_velocity": 0.0, "lateral_velocity": -0.0, "yaw_rate": -0.0}}
{"data": {"timestamp_sec": 105, "timestamp_ns": 29997652, "longitudinal_velocity": 0.0, "lateral_velocity": -0.0, "yaw_rate": -0.0}}
{"data": {"timestamp_sec": 106, "timestamp_ns": 29997630, "longitudinal_velocity": 0.2615642845630646, "lateral_velocity": 3.6209821701049805e-05, "yaw_rate": 0.00010652644414221868}}
{"data": {"timestamp_sec": 107, "timestamp_ns": 29997607, "longitudinal_velocity": 0.7062479257583618, "lateral_velocity": 0.0018545985221862793, "yaw_rate": 0.001118527608923614}}
{"data": {"timestamp_sec": 108, "timestamp_ns": 29997585, "longitudinal_velocity": 1.1940200328826904, "lateral_velocity": 0.0035094618797302246, "yaw_rate": 0.0024501082953065634}}
{"data": {"timestamp_sec": 109, "timestamp_ns": 29997562, "longitudinal_velocity": 1.6020667552947998, "lateral_velocity": 0.001764059066772461, "yaw_rate": 0.0031425300985574722}}
{"data": {"timestamp_sec": 110, "timestamp_ns": 29997540, "longitudinal_velocity": 2.5670464038848877, "lateral_velocity": 0.01562345027923584, "yaw_rate": 0.0052197957411408424}}
{"data": {"timestamp_sec": 111, "timestamp_ns": 29997518, "longitudinal_velocity": 3.53824520111084, "lateral_velocity": 0.011075973510742188, "yaw_rate": 0.0014913701452314854}}
{"data": {"timestamp_sec": 112, "timestamp_ns": 29997495, "longitudinal_velocity": 4.540765762329102, "lateral_velocity": 0.0001709461212158203, "yaw_rate": 0.0009587379754520953}}
{"data": {"timestamp_sec": 113, "timestamp_ns": 29997473, "longitudinal_velocity": 5.540353775024414, "lateral_velocity": 0.0011286735534667969,