{"data": {"timestamp_sec": 62, "timestamp_ns": 489998603, "position": {"x": 81377.35168806434, "y": 49916.90603081776, "z": 41.21184461749095}, "orientation": {"x": 0.0011958640464718767, "y": -0.005094073429113487, "z": 0.30059776596596205, "w": 0.9537366530763897}}}
{"data": {"timestamp_sec": 63, "timestamp_ns": 19998591, "position": {"x": 81377.35169257926, "y": 49916.906039158166, "z": 41.21182763654628}, "orientation": {"x": 0.0011971174988510181, "y": -0.005093844658193207, "z": 0.3005980250140336, "w": 0.9537365710792234}}}
{"data": {"timestamp_sec": 64, "timestamp_ns": 9998569, "position": {"x": 81377.35132337731, "y": 49916.90575648942, "z": 41.211525079316246}, "orientation": {"x": 0.0011525488149298207, "y": -0.005096232138574712, "z": 0.3005932543909646, "w": 0.9537381168139751}}}
{"data": {"timestamp_sec": 65, "timestamp_ns": 29998546, "position": {"x": 81377.35147000829, "y": 49916.90585457486, "z": 41.21144915405642}, "orientation": {"x": 0.0011429628926041655, "y": -0.00508957381304162, "z": 0.3005844840726048, "w": 0.9537409280349846}}}
{"data": {"timestamp_sec": 66, "timestamp_ns": 9998524, "position": {"x": 81377.3503967294, "y": 49916.905156393674, "z": 41.21037372782074}, "orientation": {"x": 0.0011273165202612162, "y": -0.005079352678857996, "z": 0.30057688064463806, "w": 0.953743397437574}}}
{"data": {"timestamp_sec": 67, "timestamp_ns": 19998501, "position": {"x": 81377.34961289862, "y": 49916.90464313867, "z": 41.210753822517525}, "orientation": {"x": 0.0011251656121263936, "y": -0.005091052372549659, "z": 0.30057751143420586, "w": 0.953743138800015}}}
{"data": {"timestamp_sec": 68, "timestamp_ns": 19998479, "position": {"x": 81377.35055048804, "y": 49916.905321310755, "z": 41.21141297018405}, "orientation": {"x": 0.0011543552157549603, "y": -0.005085123114586437, "z": 0.3005753029742381, "w": 0.9537438315548312}}}
{"data": {"timestamp_sec": 69, "timestamp_ns": 19998457, "position": {"x": 81377.34912112585, "y": 49916.904357415704, "z": 41.20933403328975}, "orientation": {"x": 0.0011226543459000138, "y": -0.005064319149287812, "z": 0.3005742157269854, "w": 0.9537443227400525}}}
{"data": {"timestamp_sec": 70, "timestamp_ns": 19998434, "position": {"x": 81377.34890752874, "y": 49916.904203699596, "z": 41.21090693974835}, "orientation": {"x": 0.0012319274982398108, "y": -0.005035458170731645, "z": 0.3005817456561467, "w": 0.9537419675645784}}}
{"data": {"timestamp_sec": 71, "timestamp_ns": 19998412, "position": {"x": 81377.35041962737, "y": 49916.90523880777, "z": 41.21068722842259}, "orientation": {"x": 0.0011679357652162228, "y": -0.005048476914508872, "z": 0.30059776084380035, "w": 0.9537369317493086}}}
{"data": {"timestamp_sec": 72, "timestamp_ns": 9998390, "position": {"x": 81377.34882275997, "y": 49916.904065896146, "z": 41.209315415352336}, "orientation": {"x": 0.0009762108303231907, "y": -0.005089563721742223, "z": 0.30059830490032685, "w": 0.953736757415057}}}
{"data": {"timestamp_sec": 73, "timestamp_ns": 9998368, "position": {"x": 81377.34822043826, "y": 49916.90357083762, "z": 41.20463128535101}, "orientation": {"x": 0.0007974722624357824, "y": -0.005037294077019948, "z": 0.30061292418752034, "w": 0.9537325932974087}}}
{"data": {"timestamp_sec": 74, "timestamp_ns": 19998345, "position": {"x": 81377.34863463308, "y": 49916.903694884495, "z": 41.20785007904351}, "orientation": {"x": 0.0008893148523732356, "y": -0.005121851000673437, "z": 0.30060877174714273, "w": 0.9537333705549441}}}
{"data": {"timestamp_sec": 75, "timestamp_ns": 9998323, "position": {"x": 81377.34910254824, "y": 49916.90397455989, "z": 41.210095909307974}, "orientation": {"x": 0.0009233677323805136, "y": -0.005140545713131672, "z": 0.3006171136731416, "w": 0.9537306082687246}}}
{"data": {"timestamp_sec": 76, "timestamp_ns": 9998301, "position": {"x": 81377.35008657344, "y": 49916.90450833654, "z": 41.209018392916626}, "orientation": {"x": 0.0008258412799400067, "y": -0.005136493231222982, "z": 0.300610841292488, "w": 0.953732696577447}}}
{"data": {"timestamp_sec": 77, "timestamp_ns": 19998278, "position": {"x": 81377.35077347663, "y": 49916.90484366465, "z": 41.209462175056395}, "orientation": {"x": 0.0008276775234703626, "y": -0.005138268709291988, "z": 0.3006107318576223, "w": 0.9537327199150782}}}
{"data": {"timestamp_sec": 78, "timestamp_ns": 19998256, "position": {"x": 81377.4572693803, "y": 49916.97909780697, "z": 41.174753176508105}, "orientation": {"x": -5.387732264968987e-05, "y": -0.00838627055336033, "z": 0.300320640359733, "w": 0.953801436640436}}}
{"data": {"timestamp_sec": 79, "timestamp_ns": 9998233, "position": {"x": 81377.8374682558, "y": 49917.24426591335, "z": 41.18657572900529}, "orientation": {"x": 0.00050040574176024, "y": -0.007877854112961031, "z": 0.29943434944164743, "w": 0.9540842517215793}}}
{"data": {"timestamp_sec": 80, "timestamp_ns": 19998211, "position": {"x": 81378.53546414511, "y": 49917.72901212382, "z": 41.198920664559544}, "orientation": {"x": 0.0014886405171930799, "y": -0.006803102183617296, "z": 0.2976381043684505, "w": 0.9546533719513305}}}
