{"data": {"timestamp_sec": 110, "timestamp_ns": 989997519, "position": {"x": 81377.35223846286, "y": 49916.90354930214, "z": 41.2096487615999}, "orientation": {"x": 0.001045445785981639, "y": -0.005116561972925006, "z": 0.3005941479903049, "w": 0.9537378497420915}}}
{"data": {"timestamp_sec": 111, "timestamp_ns": 989997496, "position": {"x": 81377.35264251436, "y": 49916.90386662986, "z": 41.20956468905672}, "orientation": {"x": 0.001049199844611709, "y": -0.005117800246977874, "z": 0.30059522725951104, "w": 0.9537374988166928}}}
{"data": {"timestamp_sec": 112, "timestamp_ns": 989997474, "position": {"x": 81377.35286509206, "y": 49916.904062202375, "z": 41.209503033516896}, "orientation": {"x": 0.0010490681118480805, "y": -0.00511759337572227, "z": 0.3005957689393799, "w": 0.9537373293469646}}}
{"data": {"timestamp_sec": 113, "timestamp_ns": 989997452, "position": {"x": 81377.35293838441, "y": 49916.90415082248, "z": 41.20946248133422}, "orientation": {"x": 0.0010486861815351542, "y": -0.0051174000601390685, "z": 0.3005963980696698, "w": 0.9537371325168469}}}
{"data": {"timestamp_sec": 117, "timestamp_ns": 989997362, "position": {"x": 81377.37427970502, "y": 49916.91916162338, "z": 41.17447649098396}, "orientation": {"x": 0.00042601611323606916, "y": -0.008160013363085703, "z": 0.30048206287756835, "w": 0.9537524639973554}}}
{"data": {"timestamp_sec": 118, "timestamp_ns": 989997340, "position": {"x": 81377.60609896091, "y": 49917.0811906885, "z": 41.18379804513729}, "orientation": {"x": 0.0006022433244048924, "y": -0.008155989306880962, "z": 0.3000314950889535, "w": 0.9538942389469031}}}
{"data": {"timestamp_sec": 119, "timestamp_ns": 989997318, "position": {"x": 81378.12860173812, "y": 49917.44533433148, "z": 41.191397260550076}, "orientation": {"x": 0.0011866984425631252, "y": -0.007454487350956409, "z": 0.2988317088231832, "w": 0.9542759727494753}}}
{"data": {"timestamp_sec": 120, "timestamp_ns": 989997295, "position": {"x": 81378.89618925644, "y": 49917.97785049943, "z": 41.21089678313761}, "orientation": {"x": 0.0015839228539674282, "y": -0.0055157693772207835, "z": 0.29685582595111126, "w": 0.9549050665251775}}}
{"data": {"timestamp_sec": 121, "timestamp_ns": 989997273, "position": {"x": 81379.72247943311, "y": 49918.54443195585, "z": 41.222293914265016}, "orientation": {"x": 0.002064323691531769, "y": -0.004589804729211568, "z": 0.2947662249191619, "w": 0.9555561442987798}}}
{"data": {"timestamp_sec": 122, "timestamp_ns": 989997250, "position": {"x": 81380.85447718539, "y": 49919.317451000934, "z": 41.236018068478515}, "orientation": {"x": 0.004225815863839556, "y": -0.0029024070890555785, "z": 0.2927510616919484, "w": 0.95617494967794}}}
{"data": {"timestamp_sec": 123, "timestamp_ns": 989997228, "position": {"x": 81382.56717955015, "y": 49920.46834275279, "z": 41.250124637816405}, "orientation": {"x": 0.005366540007353338, "y": -0.0021499304376418555, "z": 0.28973820434236214, "w": 0.957088476052202}}}
{"data": {"timestamp_sec": 124, "timestamp_ns": 989997206, "position": {"x": 81385.09225039139, "y": 49922.14107325044, "z": 41.268241249253}, "orientation": {"x": 0.0052574649322565895, "y": -0.0032816388799234084, "z": 0.2879856491935186, "w": 0.9576146697745057}}}
{"data": {"timestamp_sec": 125, "timestamp_ns": 989997183, "position": {"x": 81388.4361368356, "y": 49924.339336859295, "z": 41.310491503950466}, "orientation": {"x": -4.5473167722371287e-05, "y": 0.0007484684892115313, "z": 0.2878679921978433, "w": 0.9576698057238174}}}
{"data": {"timestamp_sec": 126, "timestamp_ns": 989997161, "position": {"x": 81392.64816414719, "y": 49927.129437316005, "z": 41.26246464429093}, "orientation": {"x": -0.005522804431906619, "y": -0.002006499202632135, "z": 0.2889074696695476, "w": 0.957338992500199}}}
{"data": {"timestamp_sec": 127, "timestamp_ns": 989997139, "position": {"x": 81397.7037152646, "y": 49930.4996897892, "z": 41.254769939126845}, "orientation": {"x": -0.01557268679546749, "y": -0.001675717677613401, "z": 0.29049509100968285, "w": 0.9567482874275298}}}
{"data": {"timestamp_sec": 128, "timestamp_ns": 989997116, "position": {"x": 81403.58122898501, "y": 49934.43210374418, "z": 41.21673349973015}, "orientation": {"x": -0.009429845546643108, "y": -0.0029049165584192184, "z": 0.290389508124431, "w": 0.9568576555810201}}}
{"data": {"timestamp_sec": 129, "timestamp_ns": 989997094, "position": {"x": 81410.11831364273, "y": 49938.795622897844, "z": 41.230513694676006}, "orientation": {"x": -0.0063936760411706, "y": -0.005524367439494011, "z": 0.2902962035485463, "w": 0.9568995331153501}}}
{"data": {"timestamp_sec": 130, "timestamp_ns": 989997072, "position": {"x": 81417.73438222389, "y": 49943.888227804564, "z": 41.28020292981963}, "orientation": {"x": -0.0056455141636247074, "y": -0.004814685692756495, "z": 0.29177396891761775, "w": 0.9564585187207909}}}
{"data": {"timestamp_sec": 131, "timestamp_ns": 989997049, "position": {"x": 81425.9471782984, "y": 49949.47052341093, "z": 41.35605950826681}, "orientation": {"x": -0.003463633853646407, "y": -0.009286931273373603, "z": 0.2967729327598724, "w": 0.9548966344736775}}}
{"data": {"timestamp_sec": 132, "timestamp_ns": 989997027, "position": {"x": 81434.69021266271, "y": 49955.51031345526, "z": 41.50149071455449}, "orientation": {"x": -0.002125969804203362, "y": -0.00782135179155341, "z": 0.2989163564569545, "w": 0.9542448944327884}}}
{"data": {"timestamp_sec": 133, "timestamp_ns": 989997005, "position": {"x": 81443.9040006055, "y": 49961.92371839082, "z": 41.59509379972233}, "orientation": {"x": -0.0013507171387143542, "y": -0.0031838178312160728, "z": 0.29850403071083914, "w": 0.9544021073513046}}}
{"data": {"timestamp_sec": 134, "timestamp_ns": 989996982, "position": {"x": 81453.16549354608, "y": 49968.29431066818, "z": 41.649187048733346}, "orientation": {"x": -0.0026475898818075307, "y": -0.0037881845068624773, "z": 0.29762844172677744, "w": 0.9546705979557818}}}
{"data": {"timestamp_sec": 135, "timestamp_ns": 989996960, "position": {"x": 81462.90650190825, "y": 49975.00534329911, "z": 41.745725400999255}, "orientation": {"x": -0.0019541320803568686, "y": -0.006424784641311439, "z": 0.29620951170388815, "w": 0.9550993815756921}}}
{"data": {"timestamp_sec": 136, "timestamp_ns": 989996938, "position": {"x": 81472.28162450496, "y": 49981.31090555283, "z": 41.861613253798026}, "orientation": {"x": -0.0023890248753973714, "y": -0.0042595540134516986, "z": 0.2871054758247998, "w": 0.9578865248614611}}}
{"data": {"timestamp_sec": 137, "timestamp_ns": 989996915, "position": {"x": 81481.13723738985, "y": 49986.89810726414, "z": 41.931282975794105}, "orientation": {"x": -0.003628717219518673, "y": -0.0028795321105608224, "z": 0.2677158209249088, "w": 0.9634867824379676}}}
{"data": {"timestamp_sec": 138, "timestamp_ns": 989996893, "position": {"x": 81489.39349772221, "y": 49991.63911525723, "z": 41.9606992017417}, "orientation": {"x": -0.003594569985329766, "y": -0.0016613143998634129, "z": 0.24518326534739587, "w": 0.9694686614298959}}}
{"data": {"timestamp_sec": 139, "timestamp_ns": 989996870, "position": {"x": 81496.84839958852, "y": 49995.436965682726, "z": 41.96975182046478}, "orientation": {"x": -0.0040670177286935335, "y": 0.00032509348080691873, "z": 0.22115150979725798, "w": 0.9752309282397766}}}
{"data": {"timestamp_sec": 140, "timestamp_ns": 989996848, "position": {"x": 81503.24127736728, "y": 49998.33901313372, "z": 41.96374561294409}, "orientation": {"x": -0.003720761385902453, "y": 0.0005911485371897535, "z": 0.2020705597724323, "w": 0.9793637196421828}}}
{"data": {"timestamp_sec": 141, "timestamp_ns": 989996826, "position": {"x": 81508.19678244226, "y": 50000.3988731279, "z": 41.963847995541194}, "orientation": {"x": -0.0033122447636620917, "y": -9.844138707825617e-05, "z": 0.19021375894371836, "w": 0.9817371059771653}}}
{"data": {"timestamp_sec": 142, "timestamp_ns": 989996803, "position": {"x": 81511.68455764382, "y": 50001.77172416593, "z": 41.9716796261704},