{"data": {"timestamp_sec": 110, "timestamp_ns": 989997519, "longitudinal_velocity": 0.0, "lateral_velocity": -0.0, "yaw_rate": -0.0}}
{"data": {"timestamp_sec": 111, "timestamp_ns": 989997496, "longitudinal_velocity": 0.0, "lateral_velocity": -0.0, "yaw_rate": -0.0}}
{"data": {"timestamp_sec": 112, "timestamp_ns": 989997474, "longitudinal_velocity": 0.0, "lateral_velocity": -0.0, "yaw_rate": -0.0}}
{"data": {"timestamp_sec": 113, "timestamp_ns": 989997452, "longitudinal_velocity": 0.0, "lateral_velocity": -0.0, "yaw_rate": -0.0}}
{"data": {"timestamp_sec": 117, "timestamp_ns": 989997362, "longitudinal_velocity": 0.1227903962135315, "lateral_velocity": 0.0010140836238861084, "yaw_rate": -0.0004261057765688747}}
{"data": {"timestamp_sec": 118, "timestamp_ns": 989997340, "longitudinal_velocity": 0.4722924530506134, "lateral_velocity": -0.0013654530048370361, "yaw_rate": -0.0018109495285898447}}
{"data": {"timestamp_sec": 119, "timestamp_ns": 989997318, "longitudinal_velocity": 0.8277807235717773, "lateral_velocity": -0.0043409764766693115, "yaw_rate": -0.004048004746437073}}
{"data": {"timestamp_sec": 120, "timestamp_ns": 989997295, "longitudinal_velocity": 0.9866556525230408, "lateral_velocity": -0.005208462476730347, "yaw_rate": -0.005645901430398226}}
{"data": {"timestamp_sec": 121, "timestamp_ns": 989997273, "longitudinal_velocity": 1.1533677577972412, "lateral_velocity": -0.006484389305114746, "yaw_rate": -0.00452737370505929}}
{"data": {"timestamp_sec": 122, "timestamp_ns": 989997250, "longitudinal_velocity": 1.5886670351028442, "lateral_velocity": -0.007819116115570068, "yaw_rate": -0.005805691238492727}}
{"data": {"timestamp_sec": 123, "timestamp_ns": 989997228, "longitudinal_velocity": 2.5487613677978516, "lateral_velocity": -0.0068846940994262695, "yaw_rate": -0.005592638161033392}}
{"data": {"timestamp_sec": 124, "timestamp_ns": 989997206, "longitudinal_velocity": 3.4944164752960205, "lateral_velocity": 0.0018554925918579102, "yaw_rate": -0.0009054747642949224}}
{"data": {"timestamp_sec": 125, "timestamp_ns": 989997183, "longitudinal_velocity": 4.507868766784668, "lateral_velocity": -0.00018358230590820312, "yaw_rate": 0.0012250541476532817}}
{"data": {"timestamp_sec": 126, "timestamp_ns": 989997161, "longitudinal_velocity": 5.562000274658203, "lateral_velocity": 0.021116018295288086, "yaw_rate": 0.001651159836910665}}
{"data": {"timestamp_sec": 127, "timestamp_ns": 989997139, "longitudinal_velocity": 6.579812526702881, "lateral_velocity": 0.003241300582885742, "yaw_rate": 0.0007456850726157427}}
{"data": {"timestamp_sec": 128, "timestamp_ns": 989997116, "longitudinal_velocity": 7.565958023071289, "lateral_velocity": -0.0008034706115722656, "yaw_rate": -0.00021305288828443736}}
{"data": {"timestamp_sec": 129, "timestamp_ns": 989997094, "longitudinal_velocity": 8.500802993774414, "lateral_velocity": 0.0015153884887695312, "yaw_rate": 0.0002663161139935255}}
{"data": {"timestamp_sec": 130, "timestamp_ns": 989997072, "longitudinal_velocity": 9.472163200378418, "lateral_velocity": 0.00816488265991211, "yaw_rate": 0.006870955694466829}}
{"data": {"timestamp_sec": 131, "timestamp_ns": 989997049, "longitudinal_velocity": 10.299224853515625, "lateral_velocity": 0.012088775634765625, "yaw_rate": 0.01022653840482235}}
{"data": {"timestamp_sec": 132, "timestamp_ns": 989997027, "longitudinal_velocity": 10.899787902832031, "lateral_velocity": -0.001861572265625, "yaw_rate": 0.0003195793251506984}}
{"data": {"timestamp_sec": 133, "timestamp_ns": 989997005, "longitudinal_velocity": 11.360101699829102, "lateral_velocity": -0.0030603408813476562, "yaw_rate": -0.004793690051883459}}
{"data": {"timestamp_sec": 134, "timestamp_ns": 989996982, "longitudinal_velocity": 11.606766700744629, "lateral_velocity": 0.0066471099853515625, "yaw_rate": 0.005060005933046341}}
{"data": {"timestamp_sec": 135, "timestamp_ns": 989996960, "longitudinal_velocity": 11.540380477905273, "lateral_velocity": -0.012237548828125, "yaw_rate": -0.012942962348461151}}
{"data": {"timestamp_sec": 136, "timestamp_ns": 989996938, "longitudinal_velocity": 10.94992446899414, "lateral_velocity": -0.024605274200439453, "yaw_rate": -0.023808659985661507}}
{"data": {"timestamp_sec": 137, "timestamp_ns": 989996915, "longitudinal_velocity": 10.047273635864258, "lateral_velocity": -0.0033426284790039062, "yaw_rate": 0.01571265049278736}}
{"data": {"timestamp_sec": 138, "timestamp_ns": 989996893, "longitudinal_velocity": 8.972942352294922, "lateral_velocity": -0.060774803161621094, "yaw_rate": -0.059548281133174896}}
{"data": {"timestamp_sec": 139, "timestamp_ns": 989996870, "longitudinal_velocity": 7.706991672515869, "lateral_velocity": -0.04894733428955078, "yaw_rate": -0.04623247683048248}}
{"data": {"timestamp_sec": 140, "timestamp_ns": 989996848, "longitudinal_velocity": 6.201049327850342, "lateral_velocity": -0.03812050819396973, "yaw_rate": -0.03515372797846794}}
{"data": {"timestamp_sec": 141, "timestamp_ns": 989996826, "longitudinal_velocity": 4.568058967590332, "lateral_velocity": -0.023432374000549316, "yaw_rate": -0.021678131073713303}}
{"data": {"timestamp_sec": 142, "timestamp_ns": 989996803, "longitudinal_velocity": 3.0015599727630615, "lateral_velocity": -0.015536904335021973, "yaw_rate": -0.014168016612529755}}
{"data": {"timestamp_sec": 143, "timestamp_ns": 989996781, "longitudinal_velocity": 1.613478183746338, "lateral_velocity": -0.008738338947296143, "yaw_rate": -0.008202536031603813}}
{"data": {"timestamp_sec": 144, "timestamp_ns": 989996759, "longitudinal_velocity": 0.5762141942977905, "lateral_velocity": -0.0022390931844711304, "yaw_rate": -0.0026098978705704212}}
{"data": {"timestamp_sec": 145, "timestamp_ns": 989996736, "longitudinal_velocity": 0.0, "lateral_velocity": -0.0, "yaw_rate": -0.0}}
{"data": {"timestamp_sec": 146, "timestamp_ns": 989996714, "longitudinal_velocity": 0.0, "lateral_velocity": -0.0, "yaw_rate": -0.0}}
{"data": {"timestamp_sec": 147, "timestamp_ns": 989996692, "longitudinal_velocity": 0.0, "lateral_velocity": -0.0, "yaw_rate": -0.0}}
{"data": {"timestamp_sec": 148, "timestamp_ns": 989996669, "longitudinal_velocity": 0.0, "lateral_velocity": -0.0, "yaw_rate": -0.0}}
{"data": {"timestamp_sec": 173, "timestamp_ns": 989996111, "longitudinal_velocity": 0.019482430070638657, "lateral_velocity": 0.0007795277051627636, "yaw_rate": -0.00010652644414221868}}
{"data": {"timestamp_sec": 174, "timestamp_ns": 989996088, "longitudinal_velocity": 0.4744296073913574, "lateral_velocity": -0.0016380399465560913, "yaw_rate": -0.002237055217847228}}
{"data": {"timestamp_sec": 175, "timestamp_ns": 989996066, "longitudinal_velocity": 1.3418256044387817, "lateral_velocity": -0.007647573947906494, "yaw_rate": -0.0073503246530890465}}
{"data": {"timestamp_sec": 176, "timestamp_ns": 989996043, "longitudinal_velocity": 2.2515616416931152, "lateral_velocity": -0.012391269207000732, "yaw_rate": -0.011611382476985455}}
{"data": {"timestamp_sec": 177, "timestamp_ns": 989996021, "longitudinal_velocity": 3.1799778938293457, "lateral_velocity": -0.016210317611694336, "yaw_rate": -0.015126754529774189}}
{"data": {"timestamp_sec": 178, "timestamp_ns": 989995999, "longitudinal_velocity": 4.148288249969482, "lateral_velocity": -0.01861715316772461, "yaw_rate": -0.017523599788546562}}
{"data": {"timestamp_sec": 179, "timestamp_ns": 989995976, "longitudinal_velocity": 5.121516704559326, "lateral_velocity": -0.02218008041381836, "yaw_rate": -0.02093244530260563}}
{"data": {"timestamp_sec": 180, "timestamp_ns": 989995954, "longitudinal_velocity": 6.089169502258301, "lateral_velocity": -0.03095698356628418, "yaw_rate": -0.02918824553489685}}
{"data": {"timestamp_sec": 181, "timestamp_ns": 989995932, "longitudinal_velocity": 7.0785603523254395, "lateral_velocity": -0.03353273868560791, "yaw_rate": -0.031798142939805984}}
{"data": {"timestamp_sec": 182, "timestamp_ns": 989995909, "longitudinal_velocity": 8.091374397277832, "lateral_velocity": -0.002508401870727539,