{"data": {"timestamp_sec": 110, "timestamp_ns": 989997519, "steering_angle": -0.0}}
{"data": {"timestamp_sec": 111, "timestamp_ns": 989997496, "steering_angle": -0.0}}
{"data": {"timestamp_sec": 112, "timestamp_ns": 989997474, "steering_angle": -0.0}}
{"data": {"timestamp_sec": 113, "timestamp_ns": 989997452, "steering_angle": -0.0}}
{"data": {"timestamp_sec": 117, "timestamp_ns": 989997362, "steering_angle": -0.0037858206778764725}}
{"data": {"timestamp_sec": 118, "timestamp_ns": 989997340, "steering_angle": -0.009379301220178604}}
{"data": {"timestamp_sec": 119, "timestamp_ns": 989997318, "steering_angle": -0.012827496975660324}}
{"data": {"timestamp_sec": 120, "timestamp_ns": 989997295, "steering_angle": -0.013516884297132492}}
{"data": {"timestamp_sec": 121, "timestamp_ns": 989997273, "steering_angle": -0.01047837920486927}}
{"data": {"timestamp_sec": 122, "timestamp_ns": 989997250, "steering_angle": -0.009736187756061554}}
{"data": {"timestamp_sec": 123, "timestamp_ns": 989997228, "steering_angle": -0.0052683353424072266}}
{"data": {"timestamp_sec": 124, "timestamp_ns": 989997206, "steering_angle": -0.0007557313656434417}}
{"data": {"timestamp_sec": 125, "timestamp_ns": 989997183, "steering_angle": 0.0011560170678421855}}
{"data": {"timestamp_sec": 126, "timestamp_ns": 989997161, "steering_angle": 0.0008598324493505061}}
{"data": {"timestamp_sec": 127, "timestamp_ns": 989997139, "steering_angle": 0.00044799927854910493}}
{"data": {"timestamp_sec": 128, "timestamp_ns": 989997116, "steering_angle": -3.896807356795762e-06}}
{"data": {"timestamp_sec": 129, "timestamp_ns": 989997094, "steering_angle": 5.9853813581867144e-05}}
{"data": {"timestamp_sec": 130, "timestamp_ns": 989997072, "steering_angle": 0.002149962354451418}}
{"data": {"timestamp_sec": 131, "timestamp_ns": 989997049, "steering_angle": 0.0027481908909976482}}
{"data": {"timestamp_sec": 132, "timestamp_ns": 989997027, "steering_angle": 5.616165799438022e-05}}
{"data": {"timestamp_sec": 133, "timestamp_ns": 989997005, "steering_angle": -0.0013370276428759098}}
{"data": {"timestamp_sec": 134, "timestamp_ns": 989996982, "steering_angle": 0.001083077397197485}}
{"data": {"timestamp_sec": 135, "timestamp_ns": 989996960, "steering_angle": -0.003533110721036792}}
{"data": {"timestamp_sec": 136, "timestamp_ns": 989996938, "steering_angle": -0.006728150881826878}}
{"data": {"timestamp_sec": 137, "timestamp_ns": 989996915, "steering_angle": -0.0034174213651567698}}
{"data": {"timestamp_sec": 138, "timestamp_ns": 989996893, "steering_angle": -0.013938874006271362}}
{"data": {"timestamp_sec": 139, "timestamp_ns": 989996870, "steering_angle": -0.016959400847554207}}
{"data": {"timestamp_sec": 140, "timestamp_ns": 989996848, "steering_angle": -0.0150520708411932}}
{"data": {"timestamp_sec": 141, "timestamp_ns": 989996826, "steering_angle": -0.012491931207478046}}
{"data": {"timestamp_sec": 142, "timestamp_ns": 989996803, "steering_angle": -0.013195168226957321}}
{"data": {"timestamp_sec": 143, "timestamp_ns": 989996781, "steering_angle": -0.01435809675604105}}
{"data": {"timestamp_sec": 144, "timestamp_ns": 989996759, "steering_angle": -0.012820600531995296}}
{"data": {"timestamp_sec": 145, "timestamp_ns": 989996736, "steering_angle": -0.011699406430125237}}
{"data": {"timestamp_sec": 146, "timestamp_ns": 989996714, "steering_angle": -0.01175115630030632}}
{"data": {"timestamp_sec": 147, "timestamp_ns": 989996692, "steering_angle": -0.011750081554055214}}
{"data": {"timestamp_sec": 148, "timestamp_ns": 989996669, "steering_angle": -0.011744324117898941}}
{"data": {"timestamp_sec": 173, "timestamp_ns": 989996111, "steering_angle": -0.012000013142824173}}
{"data": {"timestamp_sec": 174, "timestamp_ns": 989996088, "steering_angle": -0.012845834717154503}}
{"data": {"timestamp_sec": 175, "timestamp_ns": 989996066, "steering_angle": -0.015209062024950981}}
{"data": {"timestamp_sec": 176, "timestamp_ns": 989996043, "steering_angle": -0.01419817004352808}}
{"data": {"timestamp_sec": 177, "timestamp_ns": 989996021, "steering_angle": -0.013190967962145805}}
{"data": {"timestamp_sec": 178, "timestamp_ns": 989995999, "steering_angle": -0.011700737290084362}}
{"data": {"timestamp_sec": 179, "timestamp_ns": 989995976, "steering_angle": -0.011285487562417984}}
{"data": {"timestamp_sec": 180, "timestamp_ns": 989995954, "steering_angle": -0.013215861283242702}}
{"data": {"timestamp_sec": 181, "timestamp_ns": 989995932, "steering_angle": -0.012727758847177029}}
{"data": {"timestamp_sec": 182, "timestamp_ns": 989995909, "steering_angle": -0.004665815737098455}}
{"data": {"timestamp_sec": 183, "timestamp_ns": 989995887, "steering_angle": -0.002505231648683548}}
{"data": {"timestamp_sec": 184, "timestamp_ns": 989995865, "steering_angle": -0.0004969366709701717}}
{"data": {"timestamp_sec": 185, "timestamp_ns": 989995842, "steering_angle": 0.0004663662984967232}}
{"data": {"timestamp_sec": 186, "timestamp_ns": 989995820, "steering_angle": 0.0008348861592821777}}
{"data": {"timestamp_sec": 187, "timestamp_ns": 989995798, "steering_angle": 0.0009526776266284287}}
{"data": {"timestamp_sec": 188, "timestamp_ns": 989995775, "steering_angle": 0.000501419766806066}}
{"data": {"timestamp_sec": 189, "timestamp_ns": 989995753, "steering_angle": -0.00016909193072933704}}
{"data": {"timestamp_sec": 190, "timestamp_ns": 989995731, "steering_angle": -0.00030371712637133896}}
{"data": {"timestamp_sec": 191, "timestamp_ns": 989995708, "steering_angle": 0.000515825639013201}}
{"data": {"timestamp_sec": 192, "timestamp_ns": 989995686, "steering_angle": -0.00013217932428233325}}
{"data": {"timestamp_sec": 193, "timestamp_ns": 989995663, "steering_angle": -0.00045036603114567697}}
{"data": {"timestamp_sec": 194, "timestamp_ns": 989995641, "steering_angle": -0.0005306077073328197}}
{"data": {"timestamp_sec": 195, "timestamp_ns": 989995619, "steering_angle": -0.0007161505636759102}}
{"data": {"timestamp_sec": 196, "timestamp_ns": 989995596, "steering_angle": -0.0009783905697986484}}
{"data": {"timestamp_sec": 197, "timestamp_ns": 989995574, "steering_angle": -0.000821433961391449}}
{"data": {"timestamp_sec": 198, "timestamp_ns": 989995552, "steering_angle": 0.0004854517464991659}}
{"data": {"timestamp_sec": 199, "timestamp_ns": 989995529, "steering_angle": 0.0018919750582426786}}
{"data": {"timestamp_sec": 200, "timestamp_ns": 989995507, "steering_angle": 0.0030420059338212013}}
{"data": {"timestamp_sec": 201, "timestamp_ns": 989995485, "steering_angle": 0.0038297909777611494}}
{"data": {"timestamp_sec": 202, "timestamp_ns": 989995462, "steering_angle": 0.00443268334493041}}
{"data": {"timestamp_sec": 203, "timestamp_ns": 989995440, "steering_angle": 0.004506491590291262}}
{"data": {"timestamp_sec": 204, "timestamp_ns": 989995418, "steering_angle": 0.0035363654606044292}}
{"data": {"timestamp_sec": 205, "timestamp_ns": 989995395, "steering_angle": 0.0014428867725655437}}
{"data": {"timestamp_sec": 206, "timestamp_ns": 989995373, "steering_angle": 0.0002620381419546902}}
{"data": {"timestamp_sec": 207, "timestamp_ns": 989995351, "steering_angle": 4.965304924553493e-06}}
{"data": {"timestamp_sec": 208, "timestamp_ns": 989995328, "steering_angle": 8.84635364961639e-10}}
{"data": {"timestamp_sec": 209, "timestamp_ns": 429995318, "steering_angle": 8.808340723476249e-10}}
