{"data": {"timestamp_sec": 57, "timestamp_ns": 189998721, "steering_angle": -0.0}}
{"data": {"timestamp_sec": 58, "timestamp_ns": 29998702, "steering_angle": -0.0}}
{"data": {"timestamp_sec": 59, "timestamp_ns": 29998680, "steering_angle": -0.0}}
{"data": {"timestamp_sec": 60, "timestamp_ns": 29998658, "steering_angle": -0.0}}
{"data": {"timestamp_sec": 61, "timestamp_ns": 29998635, "steering_angle": -0.0}}
{"data": {"timestamp_sec": 62, "timestamp_ns": 29998613, "steering_angle": 0.0}}
{"data": {"timestamp_sec": 63, "timestamp_ns": 29998591, "steering_angle": -0.0030146532226353884}}
{"data": {"timestamp_sec": 64, "timestamp_ns": 29998568, "steering_angle": -0.00820066500455141}}
{"data": {"timestamp_sec": 65, "timestamp_ns": 29998546, "steering_angle": -0.01258617639541626}}
{"data": {"timestamp_sec": 66, "timestamp_ns": 29998524, "steering_angle": -0.013685271143913269}}
{"data": {"timestamp_sec": 67, "timestamp_ns": 29998501, "steering_angle": -0.011995438486337662}}
{"data": {"timestamp_sec": 68, "timestamp_ns": 29998479, "steering_angle": -0.011529380455613136}}
{"data": {"timestamp_sec": 69, "timestamp_ns": 29998457, "steering_angle": -0.01065803412348032}}
{"data": {"timestamp_sec": 70, "timestamp_ns": 29998434, "steering_angle": -0.005649535451084375}}
{"data": {"timestamp_sec": 71, "timestamp_ns": 29998412, "steering_angle": -0.005968717858195305}}
{"data": {"timestamp_sec": 72, "timestamp_ns": 29998390, "steering_angle": -0.0024770551826804876}}
{"data": {"timestamp_sec": 73, "timestamp_ns": 29998367, "steering_angle": -0.0009843377629294991}}
{"data": {"timestamp_sec": 74, "timestamp_ns": 29998345, "steering_angle": -0.0002470505132805556}}
{"data": {"timestamp_sec": 75, "timestamp_ns": 29998322, "steering_angle": 7.820896286148127e-08}}
{"data": {"timestamp_sec": 76, "timestamp_ns": 29998300, "steering_angle": 1.8666508339038046e-08}}
{"data": {"timestamp_sec": 77, "timestamp_ns": 29998278, "steering_angle": 1.875593902411765e-08}}
{"data": {"timestamp_sec": 78, "timestamp_ns": 29998255, "steering_angle": 1.8485744490703837e-08}}
{"data": {"timestamp_sec": 79, "timestamp_ns": 29998233, "steering_angle": 1.8427698478262755e-08}}
{"data": {"timestamp_sec": 80, "timestamp_ns": 29998211, "steering_angle": 1.8411595803513592e-08}}
{"data": {"timestamp_sec": 81, "timestamp_ns": 29998188, "steering_angle": 1.8253219380426344e-08}}
{"data": {"timestamp_sec": 82, "timestamp_ns": 29998166, "steering_angle": 1.8223193620769962e-08}}
{"data": {"timestamp_sec": 83, "timestamp_ns": 29998144, "steering_angle": 1.8271496315946933e-08}}
{"data": {"timestamp_sec": 84, "timestamp_ns": 29998121, "steering_angle": 1.827135598375662e-08}}
{"data": {"timestamp_sec": 85, "timestamp_ns": 29998099, "steering_angle": 1.809545047137817e-08}}
{"data": {"timestamp_sec": 86, "timestamp_ns": 29998077, "steering_angle": 1.792808568268356e-08}}
{"data": {"timestamp_sec": 87, "timestamp_ns": 29998054, "steering_angle": 1.8199667550788945e-08}}
{"data": {"timestamp_sec": 88, "timestamp_ns": 29998032, "steering_angle": 1.831638307692174e-08}}
{"data": {"timestamp_sec": 89, "timestamp_ns": 29998010, "steering_angle": 1.8193093254126325e-08}}
{"data": {"timestamp_sec": 90, "timestamp_ns": 29997987, "steering_angle": 1.8038996074665192e-08}}
{"data": {"timestamp_sec": 91, "timestamp_ns": 29997965, "steering_angle": 1.7881919944784386e-08}}
{"data": {"timestamp_sec": 92, "timestamp_ns": 29997942, "steering_angle": 1.7914908667648888e-08}}
{"data": {"timestamp_sec": 93, "timestamp_ns": 29997920, "steering_angle": 1.7974960186961653e-08}}
{"data": {"timestamp_sec": 94, "timestamp_ns": 29997898, "steering_angle": 1.7923390771557024e-08}}
{"data": {"timestamp_sec": 95, "timestamp_ns": 29997875, "steering_angle": 1.8010435809401315e-08}}
{"data": {"timestamp_sec": 96, "timestamp_ns": 29997853, "steering_angle": 1.803506144426592e-08}}
{"data": {"timestamp_sec": 97, "timestamp_ns": 29997831, "steering_angle": 1.7862175738514452e-08}}
{"data": {"timestamp_sec": 98, "timestamp_ns": 29997808, "steering_angle": 1.7912572758405076e-08}}
{"data": {"timestamp_sec": 99, "timestamp_ns": 29997786, "steering_angle": 1.8294510795158203e-08}}
{"data": {"timestamp_sec": 100, "timestamp_ns": 29997764, "steering_angle": 1.825539186484093e-08}}
{"data": {"timestamp_sec": 101, "timestamp_ns": 29997741, "steering_angle": 1.82709403162562e-08}}
{"data": {"timestamp_sec": 102, "timestamp_ns": 29997719, "steering_angle": 1.79946688660948e-08}}
{"data": {"timestamp_sec": 103, "timestamp_ns": 29997697, "steering_angle": 1.8006794277880545e-08}}
{"data": {"timestamp_sec": 104, "timestamp_ns": 29997674, "steering_angle": 1.8011599323131122e-08}}
{"data": {"timestamp_sec": 105, "timestamp_ns": 29997652, "steering_angle": 0.0009622705983929336}}
{"data": {"timestamp_sec": 106, "timestamp_ns": 29997630, "steering_angle": 0.00256325863301754}}
{"data": {"timestamp_sec": 107, "timestamp_ns": 29997607, "steering_angle": 0.005094536580145359}}
{"data": {"timestamp_sec": 108, "timestamp_ns": 29997585, "steering_angle": 0.00673248153179884}}
{"data": {"timestamp_sec": 109, "timestamp_ns": 29997562, "steering_angle": 0.005571630783379078}}
{"data": {"timestamp_sec": 110, "timestamp_ns": 29997540, "steering_angle": 0.002771049039438367}}
{"data": {"timestamp_sec": 111, "timestamp_ns": 29997518, "steering_angle": 0.0011181033914908767}}
{"data": {"timestamp_sec": 112, "timestamp_ns": 29997495, "steering_angle": 0.0006470911321230233}}
{"data": {"timestamp_sec": 113, "timestamp_ns": 29997473, "steering_angle": -0.0009567400556989014}}
{"data": {"timestamp_sec": 114, "timestamp_ns": 29997451, "steering_angle": -0.00016767829947639257}}
{"data": {"timestamp_sec": 115, "timestamp_ns": 29997428, "steering_angle": 0.000987809500657022}}
{"data": {"timestamp_sec": 116, "timestamp_ns": 29997406, "steering_angle": 0.0030324102845042944}}
{"data": {"timestamp_sec": 117, "timestamp_ns": 29997384, "steering_angle": 0.0022844283375889063}}
{"data": {"timestamp_sec": 118, "timestamp_ns": 29997361, "steering_angle": 0.001084608375094831}}
{"data": {"timestamp_sec": 119, "timestamp_ns": 29997339, "steering_angle": -0.00022109020210336894}}
{"data": {"timestamp_sec": 120, "timestamp_ns": 29997317, "steering_angle": -0.000921143451705575}}
{"data": {"timestamp_sec": 121, "timestamp_ns": 29997294, "steering_angle": -0.00019199674716219306}}
{"data": {"timestamp_sec": 122, "timestamp_ns": 29997272, "steering_angle": 0.0018066376214846969}}
{"data": {"timestamp_sec": 123, "timestamp_ns": 29997250, "steering_angle": 0.003291887464001775}}
{"data": {"timestamp_sec": 124, "timestamp_ns": 29997227, "steering_angle": 0.002239934168756008}}
{"data": {"timestamp_sec": 125, "timestamp_ns": 29997205, "steering_angle": 0.000296096783131361}}
{"data": {"timestamp_sec": 126, "timestamp_ns": 29997183, "steering_angle": -0.0021136372815817595}}
{"data": {"timestamp_sec": 127, "timestamp_ns": 29997160, "steering_angle": -0.0018934124382212758}}
