{"data": {"timestamp_sec": 57, "timestamp_ns": 189998721, "longitudinal_velocity": 0.0, "lateral_velocity": -0.0, "yaw_rate": -0.0}}
{"data": {"timestamp_sec": 58, "timestamp_ns": 29998702, "longitudinal_velocity": 0.0, "lateral_velocity": -0.0, "yaw_rate": -0.0}}
{"data": {"timestamp_sec": 59, "timestamp_ns": 29998680, "longitudinal_velocity": 0.0, "lateral_velocity": -0.0, "yaw_rate": -0.0}}
{"data": {"timestamp_sec": 60, "timestamp_ns": 29998658, "longitudinal_velocity": 0.0, "lateral_velocity": -0.0, "yaw_rate": -0.0}}
{"data": {"timestamp_sec": 61, "timestamp_ns": 29998635, "longitudinal_velocity": 0.0, "lateral_velocity": -0.0, "yaw_rate": -0.0}}
{"data": {"timestamp_sec": 62, "timestamp_ns": 29998613, "longitudinal_velocity": 0.0, "lateral_velocity": -0.0, "yaw_rate": -0.0}}
{"data": {"timestamp_sec": 63, "timestamp_ns": 29998591, "longitudinal_velocity": 0.04817841202020645, "lateral_velocity": 0.0035947319120168686, "yaw_rate": 5.326322207110934e-05}}
{"data": {"timestamp_sec": 64, "timestamp_ns": 29998568, "longitudinal_velocity": 0.4000728130340576, "lateral_velocity": -0.0007130801677703857, "yaw_rate": -0.0014381069922819734}}
{"data": {"timestamp_sec": 65, "timestamp_ns": 29998546, "longitudinal_velocity": 0.813983142375946, "lateral_velocity": -0.004198193550109863, "yaw_rate": -0.003888215171173215}}
{"data": {"timestamp_sec": 66, "timestamp_ns": 29998524, "longitudinal_velocity": 0.9873068332672119, "lateral_velocity": -0.005312621593475342, "yaw_rate": -0.005645901430398226}}
{"data": {"timestamp_sec": 67, "timestamp_ns": 29998501, "longitudinal_velocity": 0.9089642763137817, "lateral_velocity": -0.005794495344161987, "yaw_rate": -0.004048004746437073}}
{"data": {"timestamp_sec": 68, "timestamp_ns": 29998479, "longitudinal_velocity": 1.2815600633621216, "lateral_velocity": -0.008381664752960205, "yaw_rate": -0.005486111622303724}}
{"data": {"timestamp_sec": 69, "timestamp_ns": 29998457, "longitudinal_velocity": 1.6524404287338257, "lateral_velocity": -0.008909523487091064, "yaw_rate": -0.0064981128089129925}}
{"data": {"timestamp_sec": 70, "timestamp_ns": 29998434, "longitudinal_velocity": 1.807796597480774, "lateral_velocity": -0.006260335445404053, "yaw_rate": -0.003728425595909357}}
{"data": {"timestamp_sec": 71, "timestamp_ns": 29998412, "longitudinal_velocity": 1.5482203960418701, "lateral_velocity": -0.002923130989074707, "yaw_rate": -0.003195793367922306}}
{"data": {"timestamp_sec": 72, "timestamp_ns": 29998390, "longitudinal_velocity": 1.1284878253936768, "lateral_velocity": -0.0017495155334472656, "yaw_rate": -0.00021305288828443736}}
{"data": {"timestamp_sec": 73, "timestamp_ns": 29998367, "longitudinal_velocity": 0.6921143531799316, "lateral_velocity": 0.0005310773849487305, "yaw_rate": -0.00010652644414221868}}
{"data": {"timestamp_sec": 74, "timestamp_ns": 29998345, "longitudinal_velocity": 0.2561861276626587, "lateral_velocity": -0.00018244236707687378, "yaw_rate": -0.0}}
{"data": {"timestamp_sec": 75, "timestamp_ns": 29998322, "longitudinal_velocity": 0.0, "lateral_velocity": -0.0, "yaw_rate": 5.326322207110934e-05}}
{"data": {"timestamp_sec": 76, "timestamp_ns": 29998300, "longitudinal_velocity": 0.0, "lateral_velocity": -0.0, "yaw_rate": -0.0}}
{"data": {"timestamp_sec": 77, "timestamp_ns": 29998278, "longitudinal_velocity": 0.0, "lateral_velocity": -0.0, "yaw_rate": -0.0}}
{"data": {"timestamp_sec": 78, "timestamp_ns": 29998255, "longitudinal_velocity": 0.0, "lateral_velocity": -0.0, "yaw_rate": 5.326322207110934e-05}}
{"data": {"timestamp_sec": 79, "timestamp_ns": 29998233, "longitudinal_velocity": 0.0, "lateral_velocity": -0.0, "yaw_rate": -0.0}}
{"data": {"timestamp_sec": 80, "timestamp_ns": 29998211, "longitudinal_velocity": 0.0, "lateral_velocity": -0.0, "yaw_rate": -0.0}}
{"data": {"timestamp_sec": 81, "timestamp_ns": 29998188, "longitudinal_velocity": 0.0, "lateral_velocity": -0.0, "yaw_rate": -0.0}}
{"data": {"timestamp_sec": 82, "timestamp_ns": 29998166, "longitudinal_velocity": 0.0, "lateral_velocity": -0.0, "yaw_rate": -0.0}}
{"data": {"timestamp_sec": 83, "timestamp_ns": 29998144, "longitudinal_velocity": 0.0, "lateral_velocity": -0.0, "yaw_rate": -0.0}}
{"data": {"timestamp_sec": 84, "timestamp_ns": 29998121, "longitudinal_velocity": 0.0, "lateral_velocity": -0.0, "yaw_rate": -0.0}}
{"data": {"timestamp_sec": 85, "timestamp_ns": 29998099, "longitudinal_velocity": 0.0, "lateral_velocity": -0.0, "yaw_rate": -0.0}}
{"data": {"timestamp_sec": 86, "timestamp_ns": 29998077, "longitudinal_velocity": 0.0, "lateral_velocity": -0.0, "yaw_rate": -0.0}}
{"data": {"timestamp_sec": 87, "timestamp_ns": 29998054, "longitudinal_velocity": 0.0, "lateral_velocity": -0.0, "yaw_rate": -0.0}}
{"data": {"timestamp_sec": 88, "timestamp_ns": 29998032, "longitudinal_velocity": 0.0, "lateral_velocity": -0.0, "yaw_rate": -0.0}}
{"data": {"timestamp_sec": 89, "timestamp_ns": 29998010, "longitudinal_velocity": 0.0, "lateral_velocity": -0.0, "yaw_rate": -0.0}}
{"data": {"timestamp_sec": 90, "timestamp_ns": 29997987, "longitudinal_velocity": 0.0, "lateral_velocity": -0.0, "yaw_rate": -0.0}}
{"data": {"timestamp_sec": 91, "timestamp_ns": 29997965, "longitudinal_velocity": 0.0, "lateral_velocity": -0.0, "yaw_rate": -0.0}}
{"data": {"timestamp_sec": 92, "timestamp_ns": 29997942, "longitudinal_velocity": 0.0, "lateral_velocity": -0.0, "yaw_rate": -0.0}}
{"data": {"timestamp_sec": 93, "timestamp_ns": 29997920, "longitudinal_velocity": 0.0, "lateral_velocity": -0.0, "yaw_rate": -0.0}}
{"data": {"timestamp_sec": 94, "timestamp_ns": 29997898, "longitudinal_velocity": 0.0, "lateral_velocity": -0.0, "yaw_rate": -0.0}}
{"data": {"timestamp_sec": 95, "timestamp_ns": 29997875, "longitudinal_velocity": 0.0, "lateral_velocity": -0.0, "yaw_rate": -0.0}}
{"data": {"timestamp_sec": 96, "timestamp_ns": 29997853, "longitudinal_velocity": 0.0, "lateral_velocity": -0.0, "yaw_rate": -0.0}}
{"data": {"timestamp_sec": 97, "timestamp_ns": 29997831, "longitudinal_velocity": 0.0, "lateral_velocity": -0.0, "yaw_rate": -0.0}}
{"data": {"timestamp_sec": 98, "timestamp_ns": 29997808, "longitudinal_velocity": 0.0, "lateral_velocity": -0.0, "yaw_rate": -0.0}}
{"data": {"timestamp_sec": 99, "timestamp_ns": 29997786, "longitudinal_velocity": 0.0, "lateral_velocity": -0.0, "yaw_rate": -0.0}}
{"data": {"timestamp_sec": 100, "timestamp_ns": 29997764, "longitudinal_velocity": 0.0, "lateral_velocity": -0.0, "yaw_rate": -0.0}}
{"data": {"timestamp_sec": 101, "timestamp_ns": 29997741, "longitudinal_velocity": 0.0, "lateral_velocity": -0.0, "yaw_rate": -0.0}}
{"data": {"timestamp_sec": 102, "timestamp_ns": 29997719, "longitudinal_velocity": 0.0, "lateral_velocity": -0.0, "yaw_rate": -0.0}}
{"data": {"timestamp_sec": 103, "timestamp_ns": 29997697, "longitudinal_velocity": 0.0, "lateral_velocity": -0.0, "yaw_rate": -0.0}}
{"data": {"timestamp_sec": 104, "timestamp_ns": 29997674, "longitudinal_velocity": 0.0, "lateral_velocity": -0.0, "yaw_rate": -0.0}}
{"data": {"timestamp_sec": 105, "timestamp_ns": 29997652, "longitudinal_velocity": 0.0, "lateral_velocity": -0.0, "yaw_rate": -0.0}}
{"data": {"timestamp_sec": 106, "timestamp_ns": 29997630, "longitudinal_velocity": 0.3031481206417084, "lateral_velocity": 0.00015686452388763428, "yaw_rate": 0.00021305288828443736}}
{"data": {"timestamp_sec": 107, "timestamp_ns": 29997607, "longitudinal_velocity": 0.7658096551895142, "lateral_velocity": 0.0011799931526184082, "yaw_rate": 0.0012250541476532817}}
{"data": {"timestamp_sec": 108, "timestamp_ns": 29997585, "longitudinal_velocity": 1.2278215885162354, "lateral_velocity": 0.0038846731185913086, "yaw_rate": 0.0024501082953065634}}
{"data": {"timestamp_sec": 109, "timestamp_ns": 29997562, "longitudinal_velocity": 2.0464279651641846, "lateral_velocity": 0.0026070475578308105, "yaw_rate": 0.003941478207707405}}
{"data": {"timestamp_sec": 110, "timestamp_ns": 29997540, "longitudinal_velocity": 3.0133519172668457, "lateral_velocity": 0.0018322467803955078,