{"data": {"timestamp_sec": 44, "timestamp_ns": 69999014, "position": {"x": 81377.09375, "y": 49917.390625, "z": 42.51191329956055}, "orientation": {"x": -0.00625356027893481, "y": 0.02429519214146675, "z": 0.29631880016289436, "w": 0.9547595536535203}}}
{"data": {"timestamp_sec": 45, "timestamp_ns": 9998993, "position": {"x": 81377.09375, "y": 49917.390625, "z": 42.51191329956055}, "orientation": {"x": -0.00625356027893481, "y": 0.02429519214146675, "z": 0.29631880016289436, "w": 0.9547595536535203}}}
{"data": {"timestamp_sec": 46, "timestamp_ns": 9998971, "position": {"x": 81377.09375, "y": 49917.390625, "z": 42.51191329956055}, "orientation": {"x": -0.00625356027893481, "y": 0.02429519214146675, "z": 0.29631880016289436, "w": 0.9547595536535203}}}
{"data": {"timestamp_sec": 47, "timestamp_ns": 9998949, "position": {"x": 81377.09375, "y": 49917.390625, "z": 42.51191329956055}, "orientation": {"x": -0.00625356027893481, "y": 0.02429519214146675, "z": 0.29631880016289436, "w": 0.9547595536535203}}}
{"data": {"timestamp_sec": 48, "timestamp_ns": 19998926, "position": {"x": 81377.09375, "y": 49917.390625, "z": 42.51191329956055}, "orientation": {"x": -0.00625356027893481, "y": 0.02429519214146675, "z": 0.29631880016289436, "w": 0.9547595536535203}}}
{"data": {"timestamp_sec": 49, "timestamp_ns": 29998904, "position": {"x": 81377.09375, "y": 49917.390625, "z": 42.51191329956055}, "orientation": {"x": -0.00625356027893481, "y": 0.02429519214146675, "z": 0.29631880016289436, "w": 0.9547595536535203}}}
{"data": {"timestamp_sec": 50, "timestamp_ns": 19998881, "position": {"x": 81377.09375, "y": 49917.390625, "z": 42.51191329956055}, "orientation": {"x": -0.00625356027893481, "y": 0.02429519214146675, "z": 0.29631880016289436, "w": 0.9547595536535203}}}
{"data": {"timestamp_sec": 51, "timestamp_ns": 9998859, "position": {"x": 81377.09375, "y": 49917.390625, "z": 42.51191329956055}, "orientation": {"x": -0.00625356027893481, "y": 0.02429519214146675, "z": 0.29631880016289436, "w": 0.9547595536535203}}}
{"data": {"timestamp_sec": 52, "timestamp_ns": 19998837, "position": {"x": 81377.09772198662, "y": 49917.39335316756, "z": 42.51191329956055}, "orientation": {"x": -0.006251363784307434, "y": 0.024295757411311725, "z": 0.2962324814691251, "w": 0.9547863392117062}}}
{"data": {"timestamp_sec": 53, "timestamp_ns": 9998815, "position": {"x": 81377.25009593237, "y": 49917.49769703073, "z": 42.51191329956055}, "orientation": {"x": -0.006219931915184407, "y": 0.02430382324498616, "z": 0.29499721448570465, "w": 0.9551687181165022}}}
{"data": {"timestamp_sec": 54, "timestamp_ns": 9998792, "position": {"x": 81377.92034226109, "y": 49917.94853124254, "z": 42.51191329956055}, "orientation": {"x": -0.0060373652290498705, "y": 0.02434981721582564, "z": 0.28782070649463565, "w": 0.9573556692972448}}}
{"data": {"timestamp_sec": 55, "timestamp_ns": 9998770, "position": {"x": 81379.31654127818, "y": 49918.84876355962, "z": 42.51191329956055}, "orientation": {"x": -0.005762272460214246, "y": 0.024416379613843565, "z": 0.27700174219299184, "w": 0.9605418634524443}}}
{"data": {"timestamp_sec": 56, "timestamp_ns": 9998748, "position": {"x": 81381.52775893758, "y": 49920.22313792748, "z": 42.51191329956055}, "orientation": {"x": -0.0056580733516872666, "y": 0.024440736144805162, "z": 0.27290208520215725, "w": 0.9617146606530241}}}
{"data": {"timestamp_sec": 57, "timestamp_ns": 9998725, "position": {"x": 81384.8647896293, "y": 49921.76558175702, "z": 41.26468188437776}, "orientation": {"x": 0.005955582971995948, "y": -0.002247434227070577, "z": 0.2847288298477728, "w": 0.9585869671158569}}}
{"data": {"timestamp_sec": 58, "timestamp_ns": 19998703, "position": {"x": 81388.47615613526, "y": 49924.16627287752, "z": 41.30511916633481}, "orientation": {"x": 7.393558403329421e-05, "y": 0.0005534516874844993, "z": 0.2934888193577102, "w": 0.955962342949123}}}
{"data": {"timestamp_sec": 59, "timestamp_ns": 19998680, "position": {"x": 81392.07327125032, "y": 49926.619884361644, "z": 41.27768346895608}, "orientation": {"x": -0.005720171337512444, "y": 0.00029789732396363227, "z": 0.295712536001102, "w": 0.9552598007604272}}}
{"data": {"timestamp_sec": 60, "timestamp_ns": 19998658, "position": {"x": 81395.06351235852, "y": 49928.68349430243, "z": 41.26068157734183}, "orientation": {"x": -0.016347011115694324, "y": -0.002608004607931367, "z": 0.3007818381610333, "w": 0.9535492957220505}}}
{"data": {"timestamp_sec": 61, "timestamp_ns": 9998636, "position": {"x": 81397.73391991583, "y": 49930.708704077595, "z": 41.24998015533062}, "orientation": {"x": -0.015470790987206634, "y": 0.00028431540430249886, "z": 0.3405420593904726, "w": 0.9401019516930476}}}
{"data": {"timestamp_sec": 62, "timestamp_ns": 9998613, "position": {"x": 81400.51452305954, "y": 49933.40894258585, "z": 41.20325399992357}, "orientation": {"x": -0.010751026041459227, "y": -0.002032025467929626, "z": 0.41091813926699483, "w": 0.9116065868196126}}}
{"data": {"timestamp_sec": 63, "timestamp_ns": 9998591, "position": {"x": 81402.97537064205, "y": 49936.890375214156, "z": 41.167679852966316}, "orientation": {"x": -0.00988229429163201, "y": -0.002095340811731744, "z": 0.5087762594259931, "w": 0.860839513295545}}}
{"data": {"timestamp_sec": 64, "timestamp_ns": 9998569, "position": {"x": 81404.64900302797, "y": 49940.92862373936, "z": 41.12949908071526}, "orientation": {"x": -0.009836195799436846, "y": -0.0029097951753383243, "z": 0.6014696400246633, "w": 0.7988298031951704}}}
{"data": {"timestamp_sec": 65, "timestamp_ns": 9998546, "position": {"x": 81405.39142181654, "y": 49945.19252165342, "z": 41.08515151493375}, "orientation": {"x": -0.009978285761940073, "y": -0.004325989296006602, "z": 0.6821514006363014, "w": 0.7311300747745206}}}
{"data": {"timestamp_sec": 66, "timestamp_ns": 39998523, "position": {"x": 81405.43676176215, "y": 49945.84193345165, "z": 41.0666467573658}, "orientation": {"x": -0.010525478132117887, "y": -0.005087810964269936, "z": 0.6901560795179094, "w": 0.7235661092078257}}}
{"data": {"timestamp_sec": 67, "timestamp_ns": 19998501, "position": {"x": 81405.45518250956, "y": 49946.424939567114, "z": 41.057479984361606}, "orientation": {"x": -0.010467465881570973, "y": -0.0052959946251539755, "z": 0.6998597006780266, "w": 0.7141839986766796}}}
{"data": {"timestamp_sec": 68, "timestamp_ns": 19998479, "position": {"x": 81405.44412668815, "y": 49947.92218438168, "z": 41.0502271251393}, "orientation": {"x": -0.0102346906759477, "y": -0.0057042983919575775, "z": 0.7173842749050657, "w": 0.6965791514290075}}}
{"data": {"timestamp_sec": 69, "timestamp_ns": 19998457, "position": {"x": 81405.32983534955, "y": 49950.15913451036, "z": 41.03557072076273}, "orientation": {"x": -0.009766639537108586, "y": -0.006561264436311535, "z": 0.729562844517432, "w": 0.6838125609118206}}}
{"data": {"timestamp_sec": 70, "timestamp_ns": 29998434, "position": {"x": 81405.13223321742, "y": 49952.840497003504, "z": 41.030781140165836}, "orientation": {"x": -0.009222161634225467, "y": -0.005753135399730238, "z": 0.735731030293512, "w": 0.6771866096070654}}}
{"data": {"timestamp_sec": 71, "timestamp_ns": 9998412, "position": {"x": 81404.88124742388, "y": 49955.451549722755, "z": 41.014408819548684}, "orientation": {"x": -0.008385385194972186, "y": -0.0030467722932590027, "z": 0.7455984057513824, "w": 0.6663358161128081}}}
{"data": {"timestamp_sec": 72, "timestamp_ns": 9998390, "position": {"x": 81404.5749634807, "y": 49957.77463320903, "z": 40.98770792374383}, "orientation": {"x": -0.008074314783573424, "y": -0.0009129718119763757, "z": 0.7561108789176559, "w": 0.6543930857715538}}}
{"data": {"timestamp_sec": 73, "timestamp_ns": 19998367, "position": {"x": 81404.26596952755, "y": 49959.67670960381, "z": 40.96829859456578}, "orientation": {"x": -0.008144995987991115, "y": -0.0011082337582526986, "z": 0.7716727433712595, "w": 0.6359666720797302}}}
{"data": {"timestamp_sec": 74, "timestamp_ns": 9998345, "position": {"x": 81403.93280736718,