{"data": {"timestamp_sec": 44, "timestamp_ns": 69999014, "steering_angle": -0.0}}
{"data": {"timestamp_sec": 45, "timestamp_ns": 29998993, "steering_angle": -0.0}}
{"data": {"timestamp_sec": 46, "timestamp_ns": 29998971, "steering_angle": -0.0}}
{"data": {"timestamp_sec": 47, "timestamp_ns": 29998948, "steering_angle": -0.0}}
{"data": {"timestamp_sec": 48, "timestamp_ns": 29998926, "steering_angle": -0.0}}
{"data": {"timestamp_sec": 49, "timestamp_ns": 29998904, "steering_angle": 0.0}}
{"data": {"timestamp_sec": 50, "timestamp_ns": 29998881, "steering_angle": 0.0}}
{"data": {"timestamp_sec": 51, "timestamp_ns": 29998859, "steering_angle": 0.0}}
{"data": {"timestamp_sec": 52, "timestamp_ns": 29998837, "steering_angle": -0.04130944237112999}}
{"data": {"timestamp_sec": 53, "timestamp_ns": 29998814, "steering_angle": -0.034966301172971725}}
{"data": {"timestamp_sec": 54, "timestamp_ns": 29998792, "steering_angle": -0.0459461472928524}}
{"data": {"timestamp_sec": 55, "timestamp_ns": 29998769, "steering_angle": -0.022320391610264778}}
{"data": {"timestamp_sec": 56, "timestamp_ns": 29998747, "steering_angle": -0.007571977097541094}}
{"data": {"timestamp_sec": 57, "timestamp_ns": 29998725, "steering_angle": 0.006170060019940138}}
{"data": {"timestamp_sec": 58, "timestamp_ns": 29998702, "steering_angle": -0.0011814550962299109}}
{"data": {"timestamp_sec": 59, "timestamp_ns": 29998680, "steering_angle": -0.011794785037636757}}
{"data": {"timestamp_sec": 60, "timestamp_ns": 29998658, "steering_angle": 0.03407128155231476}}
{"data": {"timestamp_sec": 61, "timestamp_ns": 29998635, "steering_angle": 0.09585735201835632}}
{"data": {"timestamp_sec": 62, "timestamp_ns": 29998613, "steering_angle": 0.14170323312282562}}
{"data": {"timestamp_sec": 63, "timestamp_ns": 29998591, "steering_angle": 0.1416444331407547}}
{"data": {"timestamp_sec": 64, "timestamp_ns": 29998568, "steering_angle": 0.14539138972759247}}
{"data": {"timestamp_sec": 65, "timestamp_ns": 29998546, "steering_angle": 0.11595460027456284}}
{"data": {"timestamp_sec": 66, "timestamp_ns": 29998524, "steering_angle": 0.11716734617948532}}
{"data": {"timestamp_sec": 67, "timestamp_ns": 29998501, "steering_angle": 0.1122860535979271}}
{"data": {"timestamp_sec": 68, "timestamp_ns": 29998479, "steering_angle": 0.06375794112682343}}
{"data": {"timestamp_sec": 69, "timestamp_ns": 29998457, "steering_angle": 0.02259594388306141}}
{"data": {"timestamp_sec": 70, "timestamp_ns": 29998434, "steering_angle": 0.027890056371688843}}
{"data": {"timestamp_sec": 71, "timestamp_ns": 29998412, "steering_angle": 0.054554831236600876}}
{"data": {"timestamp_sec": 72, "timestamp_ns": 29998390, "steering_angle": 0.029275445267558098}}
{"data": {"timestamp_sec": 73, "timestamp_ns": 29998367, "steering_angle": 0.0955393835902214}}
{"data": {"timestamp_sec": 74, "timestamp_ns": 29998345, "steering_angle": -0.07102693617343903}}
{"data": {"timestamp_sec": 75, "timestamp_ns": 29998322, "steering_angle": -0.16264425218105316}}
