{"data": {"timestamp_sec": 218, "timestamp_ns": 789995109, "position": {"x": 81837.76022046733, "y": 50111.38284929951, "z": 40.346061199935264}, "orientation": {"x": -0.0008972093436185368, "y": -0.013727553485933248, "z": 0.7284760684770134, "w": 0.6849331112940578}}}
{"data": {"timestamp_sec": 219, "timestamp_ns": 19995104, "position": {"x": 81837.76019557392, "y": 50111.3828709795, "z": 40.34606992545323}, "orientation": {"x": -0.0008952957944499233, "y": -0.013724959001759504, "z": 0.7284761988052634, "w": 0.6849330271786248}}}
{"data": {"timestamp_sec": 220, "timestamp_ns": 39995081, "position": {"x": 81837.76015430731, "y": 50111.38216046729, "z": 40.345258628835246}, "orientation": {"x": -0.0009160389795049044, "y": -0.01371548391395611, "z": 0.7284764547481621, "w": 0.6849329173365395}}}
{"data": {"timestamp_sec": 221, "timestamp_ns": 9995060, "position": {"x": 81837.76006412158, "y": 50111.38230234803, "z": 40.345344865635}, "orientation": {"x": -0.000912168701673665, "y": -0.013714558541182083, "z": 0.7284745204633247, "w": 0.6849349982794056}}}
{"data": {"timestamp_sec": 222, "timestamp_ns": 19995037, "position": {"x": 81837.76000947936, "y": 50111.3819243052, "z": 40.34411189707916}, "orientation": {"x": -0.0009327637069629696, "y": -0.013708681924357619, "z": 0.7284754360509019, "w": 0.6849341143951089}}}
{"data": {"timestamp_sec": 223, "timestamp_ns": 9995015, "position": {"x": 81837.75983847976, "y": 50111.3831593778, "z": 40.34521382562847}, "orientation": {"x": -0.0009446128143712554, "y": -0.013763574210428762, "z": 0.7284760563834838, "w": 0.684932337539667}}}
{"data": {"timestamp_sec": 224, "timestamp_ns": 19994992, "position": {"x": 81837.7597872351, "y": 50111.3825354148, "z": 40.34364263454807}, "orientation": {"x": -0.0008898906579072443, "y": -0.013717527577775725, "z": 0.7284756501841392, "w": 0.6849337665939428}}}
{"data": {"timestamp_sec": 225, "timestamp_ns": 29994970, "position": {"x": 81837.75981548906, "y": 50111.38186590636, "z": 40.341971376204164}, "orientation": {"x": -0.0009316581086019574, "y": -0.013723488972350133, "z": 0.7284795202566654, "w": 0.6849294755157007}}}
{"data": {"timestamp_sec": 226, "timestamp_ns": 9994948, "position": {"x": 81837.75975608494, "y": 50111.381436672214, "z": 40.34228141457621}, "orientation": {"x": -0.0008833526352679914, "y": -0.013703153764268691, "z": 0.7284789527334967, "w": 0.6849305502672095}}}
{"data": {"timestamp_sec": 227, "timestamp_ns": 9994925, "position": {"x": 81837.75953734132, "y": 50111.382306818035, "z": 40.34109337643776}, "orientation": {"x": -0.0008698567392428245, "y": -0.01372202380510042, "z": 0.72848357240216, "w": 0.684925276327376}}}
{"data": {"timestamp_sec": 228, "timestamp_ns": 19994903, "position": {"x": 81837.75934771192, "y": 50111.38277284322, "z": 40.34150890912509}, "orientation": {"x": -0.0008595555341815954, "y": -0.01375228859586121, "z": 0.728482998842218, "w": 0.6849252923644364}}}
{"data": {"timestamp_sec": 229, "timestamp_ns": 9994881, "position": {"x": 81837.7592992616, "y": 50111.382852500865, "z": 40.341442380020126}, "orientation": {"x": -0.0008809709965461703, "y": -0.013760651480781953, "z": 0.7284840021894351, "w": 0.6849240300317918}}}
{"data": {"timestamp_sec": 230, "timestamp_ns": 9994858, "position": {"x": 81837.75931457736, "y": 50111.382307682754, "z": 40.3416216450832}, "orientation": {"x": -0.0008767126211515989, "y": -0.013751220307502195, "z": 0.7284805465762, "w": 0.6849279002749673}}}
{"data": {"timestamp_sec": 231, "timestamp_ns": 9994836, "position": {"x": 81837.75944870591, "y": 50111.3801529489, "z": 40.341050413432335}, "orientation": {"x": -0.000926660268408595, "y": -0.013746607327321983, "z": 0.7284853736713477, "w": 0.6849227930465247}}}
{"data": {"timestamp_sec": 232, "timestamp_ns": 29994813, "position": {"x": 81837.75956915223, "y": 50111.37934342296, "z": 40.34117829125882}, "orientation": {"x": -0.0009277054186262778, "y": -0.013741633955845135, "z": 0.728490227814774, "w": 0.6849177285172711}}}
{"data": {"timestamp_sec": 233, "timestamp_ns": 29994791, "position": {"x": 81837.7596209197, "y": 50111.378749093936, "z": 40.341244308202874}, "orientation": {"x": -0.0009095030962128874, "y": -0.01380900237390444, "z": 0.7284860811394882, "w": 0.6849208084469227}}}
{"data": {"timestamp_sec": 234, "timestamp_ns": 19994769, "position": {"x": 81837.75965425232, "y": 50111.3780494465, "z": 40.34329822222457}, "orientation": {"x": -0.0009011660891719278, "y": -0.013788978749299092, "z": 0.7284863267132773, "w": 0.684920961685746}}}
{"data": {"timestamp_sec": 235, "timestamp_ns": 19994746, "position": {"x": 81837.75999869972, "y": 50111.371831371325, "z": 40.34420928156069}, "orientation": {"x": -0.0009791866440031294, "y": -0.013995758734574041, "z": 0.7284729123778755, "w": 0.6849309278041517}}}
{"data": {"timestamp_sec": 236, "timestamp_ns": 19994724, "position": {"x": 81837.76036107559, "y": 50111.366236624155, "z": 40.33661190460102}, "orientation": {"x": -0.0008121007675517622, "y": -0.013733441792791417, "z": 0.7285037360292118, "w": 0.6849036718111152}}}
{"data": {"timestamp_sec": 237, "timestamp_ns": 19994702, "position": {"x": 81837.76018707715, "y": 50111.3717128961, "z": 40.34045668448042}, "orientation": {"x": -0.0011319084981075353, "y": -0.0138403897624287, "z": 0.7285359532754004, "w": 0.6848667952087322}}}
{"data": {"timestamp_sec": 238, "timestamp_ns": 29994679, "position": {"x": 81837.75996799827, "y": 50111.37581333074, "z": 40.341448246715466}, "orientation": {"x": -0.0011721046050819951, "y": -0.013834464613656592, "z": 0.7285163785552274, "w": 0.6848876695754017}}}
{"data": {"timestamp_sec": 239, "timestamp_ns": 9994657, "position": {"x": 81837.76028214283, "y": 50111.37004840419, "z": 40.34204642771283}, "orientation": {"x": -0.0012154112773362568, "y": -0.013828935101663945, "z": 0.7284926085228874, "w": 0.6849129891138728}}}
{"data": {"timestamp_sec": 240, "timestamp_ns": 9994635, "position": {"x": 81837.75948600948, "y": 50111.382495355625, "z": 40.342750195335164}, "orientation": {"x": -0.0011354163043670621, "y": -0.013923131108449213, "z": 0.7286265581158935, "w": 0.6847687172017566}}}
{"data": {"timestamp_sec": 241, "timestamp_ns": 9994613, "position": {"x": 81837.74564221638, "y": 50111.59484051454, "z": 40.34356290677602}, "orientation": {"x": -0.0010188292202429885, "y": -0.014031773654021557, "z": 0.730801659298621, "w": 0.6824448740239205}}}
{"data": {"timestamp_sec": 242, "timestamp_ns": 19994590, "position": {"x": 81837.69877081068, "y": 50112.17325840385, "z": 40.344236293452404}, "orientation": {"x": -0.0007908973389658238, "y": -0.014256238672668432, "z": 0.7391563011429654, "w": 0.6733825781982758}}}
{"data": {"timestamp_sec": 243, "timestamp_ns": 19994568, "position": {"x": 81837.58963133999, "y": 50113.15929393938, "z": 40.362095209295326}, "orientation": {"x": -0.0005643003132529863, "y": -0.013997188917366945, "z": 0.7485027429345171, "w": 0.6629837132894536}}}
{"data": {"timestamp_sec": 244, "timestamp_ns": 19994545, "position": {"x": 81837.36886072994, "y": 50114.9135549012, "z": 40.38805741417616}, "orientation": {"x": -0.00042613178116346264, "y": -0.014168442977282546, "z": 0.7469749551552256, "w": 0.6647010531104589}}}
{"data": {"timestamp_sec": 245, "timestamp_ns": 9994523, "position": {"x": 81837.16670934817, "y": 50117.563601273905, "z": 40.4269811006341}, "orientation": {"x": 0.0009807158363933427, "y": -0.013379358952314915, "z": 0.7175770807851312, "w": 0.6963498862514179}}}
{"data": {"timestamp_sec": 246, "timestamp_ns": 19994501, "position": {"x": 81837.22102477826, "y": 50121.14367650624, "z": 40.50344199934891}, "orientation": {"x": 0.003584106381805078, "y": -0.010554897804201787, "z": 0.6914167141886256, "w": 0.7223701791009864}}}
{"data": {"timestamp_sec": 247, "timestamp_ns": 19994478, "position": {"x": 81837.28150922267, "y": 50125.62276031277, "z": 40.57321245950433}, "orientation": {"x": 0.004469112111958802, "y": -0.007638605014712393,