{"data": {"timestamp_sec": 218, "timestamp_ns": 789995109, "steering_angle": -0.16332463920116425}}
{"data": {"timestamp_sec": 219, "timestamp_ns": 29995104, "steering_angle": -0.16332463920116425}}
{"data": {"timestamp_sec": 220, "timestamp_ns": 29995081, "steering_angle": -0.16332463920116425}}
{"data": {"timestamp_sec": 221, "timestamp_ns": 29995059, "steering_angle": -0.16332463920116425}}
{"data": {"timestamp_sec": 222, "timestamp_ns": 29995037, "steering_angle": -0.16332463920116425}}
{"data": {"timestamp_sec": 223, "timestamp_ns": 29995014, "steering_angle": -0.16332463920116425}}
{"data": {"timestamp_sec": 224, "timestamp_ns": 29994992, "steering_angle": -0.16332463920116425}}
{"data": {"timestamp_sec": 225, "timestamp_ns": 29994970, "steering_angle": -0.16332463920116425}}
{"data": {"timestamp_sec": 226, "timestamp_ns": 29994947, "steering_angle": -0.16332463920116425}}
{"data": {"timestamp_sec": 227, "timestamp_ns": 29994925, "steering_angle": -0.16332463920116425}}
{"data": {"timestamp_sec": 228, "timestamp_ns": 29994903, "steering_angle": -0.16332463920116425}}
{"data": {"timestamp_sec": 229, "timestamp_ns": 29994880, "steering_angle": -0.16332463920116425}}
{"data": {"timestamp_sec": 230, "timestamp_ns": 29994858, "steering_angle": -0.16332463920116425}}
{"data": {"timestamp_sec": 231, "timestamp_ns": 29994836, "steering_angle": -0.16332463920116425}}
{"data": {"timestamp_sec": 232, "timestamp_ns": 29994813, "steering_angle": -0.16332463920116425}}
{"data": {"timestamp_sec": 233, "timestamp_ns": 29994791, "steering_angle": -0.16332463920116425}}
{"data": {"timestamp_sec": 234, "timestamp_ns": 29994769, "steering_angle": -0.16332463920116425}}
{"data": {"timestamp_sec": 235, "timestamp_ns": 29994746, "steering_angle": -0.16332463920116425}}
{"data": {"timestamp_sec": 236, "timestamp_ns": 29994724, "steering_angle": -0.16332463920116425}}
{"data": {"timestamp_sec": 237, "timestamp_ns": 29994701, "steering_angle": -0.16332463920116425}}
{"data": {"timestamp_sec": 238, "timestamp_ns": 29994679, "steering_angle": -0.16332463920116425}}
{"data": {"timestamp_sec": 239, "timestamp_ns": 29994657, "steering_angle": -0.16332463920116425}}
{"data": {"timestamp_sec": 240, "timestamp_ns": 29994634, "steering_angle": 0.0668487399816513}}
{"data": {"timestamp_sec": 241, "timestamp_ns": 29994612, "steering_angle": 0.08983363211154938}}
{"data": {"timestamp_sec": 242, "timestamp_ns": 29994590, "steering_angle": 0.1100408285856247}}
{"data": {"timestamp_sec": 243, "timestamp_ns": 29994567, "steering_angle": 0.04022834077477455}}
{"data": {"timestamp_sec": 244, "timestamp_ns": 29994545, "steering_angle": -0.06930675357580185}}
{"data": {"timestamp_sec": 245, "timestamp_ns": 29994523, "steering_angle": -0.09419279545545578}}
{"data": {"timestamp_sec": 246, "timestamp_ns": 29994500, "steering_angle": 0.004570423625409603}}
{"data": {"timestamp_sec": 247, "timestamp_ns": 29994478, "steering_angle": 0.06937523931264877}}
{"data": {"timestamp_sec": 248, "timestamp_ns": 29994456, "steering_angle": 0.03441380709409714}}
{"data": {"timestamp_sec": 249, "timestamp_ns": 29994433, "steering_angle": 0.00884661078453064}}
{"data": {"timestamp_sec": 250, "timestamp_ns": 29994411, "steering_angle": 0.0008639648440293968}}
{"data": {"timestamp_sec": 251, "timestamp_ns": 29994389, "steering_angle": -0.00040236194035969675}}
{"data": {"timestamp_sec": 252, "timestamp_ns": 29994366, "steering_angle": 0.00032604814623482525}}
{"data": {"timestamp_sec": 253, "timestamp_ns": 29994344, "steering_angle": -6.750476313754916e-05}}
{"data": {"timestamp_sec": 254, "timestamp_ns": 29994321, "steering_angle": -0.00030519047868438065}}
{"data": {"timestamp_sec": 255, "timestamp_ns": 29994299, "steering_angle": 2.6428955607116222e-05}}
{"data": {"timestamp_sec": 256, "timestamp_ns": 29994277, "steering_angle": 8.01988280727528e-05}}
{"data": {"timestamp_sec": 257, "timestamp_ns": 29994254, "steering_angle": 0.00020116977975703776}}
{"data": {"timestamp_sec": 258, "timestamp_ns": 29994232, "steering_angle": 5.4601627198280767e-05}}
{"data": {"timestamp_sec": 259, "timestamp_ns": 29994210, "steering_angle": -0.00042130518704652786}}
{"data": {"timestamp_sec": 260, "timestamp_ns": 29994187, "steering_angle": -0.0003037142159882933}}
{"data": {"timestamp_sec": 261, "timestamp_ns": 29994165, "steering_angle": -0.0003357889363542199}}
{"data": {"timestamp_sec": 262, "timestamp_ns": 29994143, "steering_angle": -0.00010862138879019767}}
{"data": {"timestamp_sec": 263, "timestamp_ns": 29994120, "steering_angle": -0.0004431522684171796}}
{"data": {"timestamp_sec": 264, "timestamp_ns": 29994098, "steering_angle": 0.0009159818291664124}}
{"data": {"timestamp_sec": 265, "timestamp_ns": 29994076, "steering_angle": 0.0004571671597659588}}
{"data": {"timestamp_sec": 266, "timestamp_ns": 29994053, "steering_angle": -0.00022497047029901296}}
{"data": {"timestamp_sec": 267, "timestamp_ns": 29994031, "steering_angle": 0.0005246125510893762}}
{"data": {"timestamp_sec": 268, "timestamp_ns": 29994009, "steering_angle": 8.362613152712584e-05}}
{"data": {"timestamp_sec": 269, "timestamp_ns": 29993986, "steering_angle": -3.129538890789263e-05}}
{"data": {"timestamp_sec": 270, "timestamp_ns": 29993964, "steering_angle": 0.0003415314422454685}}
{"data": {"timestamp_sec": 271, "timestamp_ns": 29993942, "steering_angle": 1.2809064173779916e-05}}
{"data": {"timestamp_sec": 272, "timestamp_ns": 29993919, "steering_angle": -0.0011722692288458347}}
{"data": {"timestamp_sec": 273, "timestamp_ns": 29993897, "steering_angle": -0.00011493472993606701}}
{"data": {"timestamp_sec": 274, "timestamp_ns": 29993874, "steering_angle": -1.734355464577675e-05}}
{"data": {"timestamp_sec": 275, "timestamp_ns": 29993852, "steering_angle": 5.248726665740833e-05}}
{"data": {"timestamp_sec": 276, "timestamp_ns": 29993830, "steering_angle": 2.160396979888901e-05}}
{"data": {"timestamp_sec": 277, "timestamp_ns": 29993807, "steering_angle": 2.160396979888901e-05}}
