{"data": {"timestamp_sec": 51, "timestamp_ns": 989998837, "longitudinal_velocity": 0.0, "lateral_velocity": -0.0, "yaw_rate": -0.0}}
{"data": {"timestamp_sec": 52, "timestamp_ns": 989998815, "longitudinal_velocity": 0.0, "lateral_velocity": -0.0, "yaw_rate": -0.0}}
{"data": {"timestamp_sec": 53, "timestamp_ns": 989998793, "longitudinal_velocity": 0.0, "lateral_velocity": -0.0, "yaw_rate": -0.0}}
{"data": {"timestamp_sec": 54, "timestamp_ns": 989998770, "longitudinal_velocity": 0.0, "lateral_velocity": -0.0, "yaw_rate": -0.0}}
{"data": {"timestamp_sec": 56, "timestamp_ns": 989998726, "longitudinal_velocity": 0.13726386427879333, "lateral_velocity": 0.001244761049747467, "yaw_rate": -0.000532632227987051}}
{"data": {"timestamp_sec": 57, "timestamp_ns": 989998703, "longitudinal_velocity": 0.5213878154754639, "lateral_velocity": -0.0016199201345443726, "yaw_rate": -0.00207726564258337}}
{"data": {"timestamp_sec": 58, "timestamp_ns": 989998681, "longitudinal_velocity": 1.091966152191162, "lateral_velocity": -0.008362233638763428, "yaw_rate": -0.007243798114359379}}
{"data": {"timestamp_sec": 59, "timestamp_ns": 989998659, "longitudinal_velocity": 1.266432285308838, "lateral_velocity": 0.0035424232482910156, "yaw_rate": 0.004261057823896408}}
{"data": {"timestamp_sec": 60, "timestamp_ns": 989998636, "longitudinal_velocity": 1.196449637413025, "lateral_velocity": -0.01503533124923706, "yaw_rate": -0.011291802860796452}}
{"data": {"timestamp_sec": 61, "timestamp_ns": 989998614, "longitudinal_velocity": 1.796032428741455, "lateral_velocity": -0.0038765668869018555, "yaw_rate": -0.002183792181313038}}
{"data": {"timestamp_sec": 62, "timestamp_ns": 989998592, "longitudinal_velocity": 2.7188496589660645, "lateral_velocity": -0.016516685485839844, "yaw_rate": -0.012516857124865055}}
{"data": {"timestamp_sec": 63, "timestamp_ns": 989998569, "longitudinal_velocity": 3.6537253856658936, "lateral_velocity": -0.008975625038146973, "yaw_rate": -0.007616640534251928}}
{"data": {"timestamp_sec": 64, "timestamp_ns": 989998547, "longitudinal_velocity": 4.690667629241943, "lateral_velocity": -0.0036292076110839844, "yaw_rate": -0.0018642127979546785}}
{"data": {"timestamp_sec": 65, "timestamp_ns": 989998525, "longitudinal_velocity": 5.693570613861084, "lateral_velocity": 0.05818533897399902, "yaw_rate": 0.03067961521446705}}
{"data": {"timestamp_sec": 66, "timestamp_ns": 989998502, "longitudinal_velocity": 6.7216339111328125, "lateral_velocity": 0.01905989646911621, "yaw_rate": 0.019334549084305763}}
{"data": {"timestamp_sec": 67, "timestamp_ns": 989998480, "longitudinal_velocity": 7.680840015411377, "lateral_velocity": 0.004571199417114258, "yaw_rate": 0.000532632227987051}}
{"data": {"timestamp_sec": 68, "timestamp_ns": 989998457, "longitudinal_velocity": 8.611137390136719, "lateral_velocity": 0.005207538604736328, "yaw_rate": 0.004314321093261242}}
{"data": {"timestamp_sec": 69, "timestamp_ns": 989998435, "longitudinal_velocity": 9.584212303161621, "lateral_velocity": 0.017749309539794922, "yaw_rate": 0.013635384850203991}}
{"data": {"timestamp_sec": 70, "timestamp_ns": 989998413, "longitudinal_velocity": 10.382567405700684, "lateral_velocity": 0.0025205612182617188, "yaw_rate": -0.0}}
{"data": {"timestamp_sec": 71, "timestamp_ns": 989998390, "longitudinal_velocity": 10.962218284606934, "lateral_velocity": -0.048183441162109375, "yaw_rate": -0.04884237423539162}}
{"data": {"timestamp_sec": 72, "timestamp_ns": 989998368, "longitudinal_velocity": 11.40060043334961, "lateral_velocity": -0.00405120849609375, "yaw_rate": -0.004207794554531574}}
{"data": {"timestamp_sec": 73, "timestamp_ns": 989998346, "longitudinal_velocity": 11.41154956817627, "lateral_velocity": 0.0038428306579589844, "yaw_rate": 0.002237055217847228}}
{"data": {"timestamp_sec": 74, "timestamp_ns": 989998323, "longitudinal_velocity": 10.906189918518066, "lateral_velocity": -0.01013946533203125, "yaw_rate": -0.01230380404740572}}
{"data": {"timestamp_sec": 75, "timestamp_ns": 989998301, "longitudinal_velocity": 10.283807754516602, "lateral_velocity": -0.02496337890625, "yaw_rate": -0.02695119008421898}}
{"data": {"timestamp_sec": 76, "timestamp_ns": 989998279, "longitudinal_velocity": 9.495927810668945, "lateral_velocity": -0.04307889938354492, "yaw_rate": -0.043835632503032684}}
{"data": {"timestamp_sec": 77, "timestamp_ns": 989998256, "longitudinal_velocity": 8.57497787475586, "lateral_velocity": -0.053191423416137695, "yaw_rate": -0.05187837779521942}}
{"data": {"timestamp_sec": 78, "timestamp_ns": 989998234, "longitudinal_velocity": 7.500760078430176, "lateral_velocity": -0.04314541816711426, "yaw_rate": -0.042131207883358}}
{"data": {"timestamp_sec": 79, "timestamp_ns": 989998212, "longitudinal_velocity": 6.2471489906311035, "lateral_velocity": -0.029903173446655273, "yaw_rate": -0.028442559763789177}}
{"data": {"timestamp_sec": 80, "timestamp_ns": 989998189, "longitudinal_velocity": 4.791189670562744, "lateral_velocity": -0.020334482192993164, "yaw_rate": -0.019654128700494766}}
{"data": {"timestamp_sec": 81, "timestamp_ns": 989998167, "longitudinal_velocity": 3.348933696746826, "lateral_velocity": -0.013447880744934082, "yaw_rate": -0.013315805234014988}}
{"data": {"timestamp_sec": 82, "timestamp_ns": 989998145, "longitudinal_velocity": 2.0023670196533203, "lateral_velocity": -0.00999385118484497, "yaw_rate": -0.010066748596727848}}
{"data": {"timestamp_sec": 83, "timestamp_ns": 989998122, "longitudinal_velocity": 0.8975939750671387, "lateral_velocity": -0.0035557150840759277, "yaw_rate": -0.00452737370505929}}
{"data": {"timestamp_sec": 84, "timestamp_ns": 989998100, "longitudinal_velocity": 0.17730927467346191, "lateral_velocity": 0.001032032072544098, "yaw_rate": -0.0006391586503013968}}
{"data": {"timestamp_sec": 85, "timestamp_ns": 989998077, "longitudinal_velocity": 0.0, "lateral_velocity": -0.0, "yaw_rate": -0.0}}
{"data": {"timestamp_sec": 86, "timestamp_ns": 989998055, "longitudinal_velocity": 0.0, "lateral_velocity": -0.0, "yaw_rate": -0.0}}
{"data": {"timestamp_sec": 87, "timestamp_ns": 989998033, "longitudinal_velocity": 0.0, "lateral_velocity": -0.0, "yaw_rate": -0.0}}
{"data": {"timestamp_sec": 88, "timestamp_ns": 989998010, "longitudinal_velocity": 0.0, "lateral_velocity": -0.0, "yaw_rate": -0.0}}
{"data": {"timestamp_sec": 104, "timestamp_ns": 989997653, "longitudinal_velocity": 0.006559878122061491, "lateral_velocity": 0.001641877694055438, "yaw_rate": 5.326322207110934e-05}}
{"data": {"timestamp_sec": 105, "timestamp_ns": 989997630, "longitudinal_velocity": 0.4326956868171692, "lateral_velocity": -0.00018781423568725586, "yaw_rate": -0.0017576862592250109}}
{"data": {"timestamp_sec": 106, "timestamp_ns": 989997608, "longitudinal_velocity": 1.278149127960205, "lateral_velocity": -0.005845814943313599, "yaw_rate": -0.006125270389020443}}
{"data": {"timestamp_sec": 107, "timestamp_ns": 989997586, "longitudinal_velocity": 2.1357293128967285, "lateral_velocity": -0.010082602500915527, "yaw_rate": -0.01065264455974102}}
{"data": {"timestamp_sec": 108, "timestamp_ns": 989997563, "longitudinal_velocity": 3.0702402591705322, "lateral_velocity": -0.018258988857269287, "yaw_rate": -0.01555286068469286}}
{"data": {"timestamp_sec": 109, "timestamp_ns": 989997541, "longitudinal_velocity": 4.018184185028076, "lateral_velocity": -0.023706436157226562, "yaw_rate": -0.022050973027944565}}
{"data": {"timestamp_sec": 110, "timestamp_ns": 989997519, "longitudinal_velocity": 4.997666835784912, "lateral_velocity": -0.01802647113800049, "yaw_rate": -0.020506341010332108}}
{"data": {"timestamp_sec": 111, "timestamp_ns": 989997496, "longitudinal_velocity": 5.97780704498291, "lateral_velocity": -0.02996540069580078, "yaw_rate": -0.029987193644046783}}
{"data": {"timestamp_sec": 112, "timestamp_ns": 989997474, "longitudinal_velocity": 6.961416244506836, "lateral_velocity": -0.03398096561431885, "yaw_rate": -0.03520698845386505}}
{"data": {"timestamp_sec": 113, "timestamp_ns": 989997452,