{"data": {"timestamp_sec": 51, "timestamp_ns": 989998837, "steering_angle": -0.0}}
{"data": {"timestamp_sec": 52, "timestamp_ns": 989998815, "steering_angle": -0.0}}
{"data": {"timestamp_sec": 53, "timestamp_ns": 989998793, "steering_angle": 0.0}}
{"data": {"timestamp_sec": 54, "timestamp_ns": 989998770, "steering_angle": 0.0}}
{"data": {"timestamp_sec": 56, "timestamp_ns": 989998726, "steering_angle": -0.0049286591820418835}}
{"data": {"timestamp_sec": 57, "timestamp_ns": 989998703, "steering_angle": -0.009123128838837147}}
{"data": {"timestamp_sec": 58, "timestamp_ns": 989998681, "steering_angle": -0.017993586137890816}}
{"data": {"timestamp_sec": 59, "timestamp_ns": 989998659, "steering_angle": 0.00964634120464325}}
{"data": {"timestamp_sec": 60, "timestamp_ns": 989998636, "steering_angle": -0.02725166827440262}}
{"data": {"timestamp_sec": 61, "timestamp_ns": 989998614, "steering_angle": -0.0012484729522839189}}
{"data": {"timestamp_sec": 62, "timestamp_ns": 989998592, "steering_angle": -0.01396743394434452}}
{"data": {"timestamp_sec": 63, "timestamp_ns": 989998569, "steering_angle": -0.0023192563094198704}}
{"data": {"timestamp_sec": 64, "timestamp_ns": 989998547, "steering_angle": 0.004664184991270304}}
{"data": {"timestamp_sec": 65, "timestamp_ns": 989998525, "steering_angle": 0.03783443942666054}}
{"data": {"timestamp_sec": 66, "timestamp_ns": 989998502, "steering_angle": 0.010237772017717361}}
{"data": {"timestamp_sec": 67, "timestamp_ns": 989998480, "steering_angle": -0.00023260623856913298}}
{"data": {"timestamp_sec": 68, "timestamp_ns": 989998457, "steering_angle": 0.0016204743878915906}}
{"data": {"timestamp_sec": 69, "timestamp_ns": 989998435, "steering_angle": 0.003931870684027672}}
{"data": {"timestamp_sec": 70, "timestamp_ns": 989998413, "steering_angle": -0.0004337907303124666}}
{"data": {"timestamp_sec": 71, "timestamp_ns": 989998390, "steering_angle": -0.011291340924799442}}
{"data": {"timestamp_sec": 72, "timestamp_ns": 989998368, "steering_angle": -0.0027515743859112263}}
{"data": {"timestamp_sec": 73, "timestamp_ns": 989998346, "steering_angle": 0.0002310335694346577}}
{"data": {"timestamp_sec": 74, "timestamp_ns": 989998323, "steering_angle": -0.0032249055802822113}}
{"data": {"timestamp_sec": 75, "timestamp_ns": 989998301, "steering_angle": -0.010850749909877777}}
{"data": {"timestamp_sec": 76, "timestamp_ns": 989998279, "steering_angle": -0.012638640590012074}}
{"data": {"timestamp_sec": 77, "timestamp_ns": 989998256, "steering_angle": -0.017489997670054436}}
{"data": {"timestamp_sec": 78, "timestamp_ns": 989998234, "steering_angle": -0.015345528721809387}}
{"data": {"timestamp_sec": 79, "timestamp_ns": 989998212, "steering_angle": -0.013176390901207924}}
{"data": {"timestamp_sec": 80, "timestamp_ns": 989998189, "steering_angle": -0.011607896536588669}}
{"data": {"timestamp_sec": 81, "timestamp_ns": 989998167, "steering_angle": -0.011244143359363079}}
{"data": {"timestamp_sec": 82, "timestamp_ns": 989998145, "steering_angle": -0.014229371212422848}}
{"data": {"timestamp_sec": 83, "timestamp_ns": 989998122, "steering_angle": -0.014241699129343033}}
{"data": {"timestamp_sec": 84, "timestamp_ns": 989998100, "steering_angle": -0.011286458931863308}}
{"data": {"timestamp_sec": 85, "timestamp_ns": 989998077, "steering_angle": -0.01124316081404686}}
{"data": {"timestamp_sec": 86, "timestamp_ns": 989998055, "steering_angle": -0.011320335790514946}}
{"data": {"timestamp_sec": 87, "timestamp_ns": 989998033, "steering_angle": -0.011337514035403728}}
{"data": {"timestamp_sec": 88, "timestamp_ns": 989998010, "steering_angle": -0.011349021457135677}}
{"data": {"timestamp_sec": 104, "timestamp_ns": 989997653, "steering_angle": -0.011325821280479431}}
{"data": {"timestamp_sec": 105, "timestamp_ns": 989997630, "steering_angle": -0.011265934444963932}}
{"data": {"timestamp_sec": 106, "timestamp_ns": 989997608, "steering_angle": -0.013425744138658047}}
{"data": {"timestamp_sec": 107, "timestamp_ns": 989997586, "steering_angle": -0.01361481286585331}}
{"data": {"timestamp_sec": 108, "timestamp_ns": 989997563, "steering_angle": -0.014309772290289402}}
{"data": {"timestamp_sec": 109, "timestamp_ns": 989997541, "steering_angle": -0.015249481424689293}}
{"data": {"timestamp_sec": 110, "timestamp_ns": 989997519, "steering_angle": -0.011247803457081318}}
{"data": {"timestamp_sec": 111, "timestamp_ns": 989997496, "steering_angle": -0.013129170052707195}}
{"data": {"timestamp_sec": 112, "timestamp_ns": 989997474, "steering_angle": -0.01401497982442379}}
{"data": {"timestamp_sec": 113, "timestamp_ns": 989997452, "steering_angle": -0.011343724094331264}}
{"data": {"timestamp_sec": 114, "timestamp_ns": 989997429, "steering_angle": -0.0024951116647571325}}
{"data": {"timestamp_sec": 115, "timestamp_ns": 989997407, "steering_angle": -0.0004798411682713777}}
{"data": {"timestamp_sec": 116, "timestamp_ns": 989997385, "steering_angle": 0.00026538153178989887}}
{"data": {"timestamp_sec": 117, "timestamp_ns": 989997362, "steering_angle": 0.00045096248504705727}}
{"data": {"timestamp_sec": 118, "timestamp_ns": 989997340, "steering_angle": 0.0011834732722491026}}
{"data": {"timestamp_sec": 119, "timestamp_ns": 989997318, "steering_angle": 0.0008819635841064155}}
{"data": {"timestamp_sec": 120, "timestamp_ns": 989997295, "steering_angle": -8.859660738380626e-05}}
{"data": {"timestamp_sec": 121, "timestamp_ns": 989997273, "steering_angle": 0.0005288335960358381}}
{"data": {"timestamp_sec": 122, "timestamp_ns": 989997250, "steering_angle": -0.0006635564495809376}}
{"data": {"timestamp_sec": 123, "timestamp_ns": 989997228, "steering_angle": -0.0006274244515225291}}
{"data": {"timestamp_sec": 124, "timestamp_ns": 989997206, "steering_angle": -0.0004714305105153471}}
{"data": {"timestamp_sec": 125, "timestamp_ns": 989997183, "steering_angle": 9.46427317103371e-05}}
{"data": {"timestamp_sec": 126, "timestamp_ns": 989997161, "steering_angle": 1.5876399629632942e-05}}
{"data": {"timestamp_sec": 127, "timestamp_ns": 989997139, "steering_angle": 0.007597954012453556}}
{"data": {"timestamp_sec": 128, "timestamp_ns": 989997116, "steering_angle": 0.0031331477221101522}}
{"data": {"timestamp_sec": 129, "timestamp_ns": 989997094, "steering_angle": 0.0010110187577083707}}
{"data": {"timestamp_sec": 130, "timestamp_ns": 989997072, "steering_angle": 0.00023265658819582313}}
{"data": {"timestamp_sec": 131, "timestamp_ns": 989997049, "steering_angle": -0.011219005100429058}}
{"data": {"timestamp_sec": 132, "timestamp_ns": 989997027, "steering_angle": -0.003813185030594468}}
{"data": {"timestamp_sec": 133, "timestamp_ns": 989997005, "steering_angle": -0.0015341939870268106}}
{"data": {"timestamp_sec": 134, "timestamp_ns": 989996982, "steering_angle": -0.0007781933527439833}}
{"data": {"timestamp_sec": 135, "timestamp_ns": 989996960, "steering_angle": 0.001501678372733295}}
{"data": {"timestamp_sec": 136, "timestamp_ns": 989996938, "steering_angle": 0.0030996191781014204}}
{"data": {"timestamp_sec": 137, "timestamp_ns": 989996915, "steering_angle": -0.0002219139423687011}}
{"data": {"timestamp_sec": 138, "timestamp_ns": 989996893, "steering_angle": -0.0024486237671226263}}
{"data": {"timestamp_sec": 139, "timestamp_ns": 989996870, "steering_angle": -0.0023017169442027807}}
{"data": {"timestamp_sec": 140, "timestamp_ns": 989996848, "steering_angle": -0.0012112861732020974}}
{"data": {"timestamp_sec": 141, "timestamp_ns": 989996826, "steering_angle": -0.0005549173220060766}}
{"data": {"timestamp_sec": 142, "timestamp_ns": 989996803, "steering_angle": -0.0006081667961552739}}
{"data": {"timestamp_sec": 143, "timestamp_ns": 989996781, "steering_angle": -0.00042281110654585063}}
{"data": {"timestamp_sec": 144, "timestamp_ns": 989996759, "steering_angle": 0.00032029725844040513}}
{"data": {"timestamp_sec": 145, "timestamp_ns": 989996736, "steering_angle": 0.0007137559587135911}}
{"data": {"timestamp_sec": 146, "timestamp_ns": 989996714,