{"data": {"timestamp_sec": 168, "timestamp_ns": 549996232, "steering_angle": -1.5661405505795756e-09}}
{"data": {"timestamp_sec": 169, "timestamp_ns": 29996221, "steering_angle": -1.5661405505795756e-09}}
{"data": {"timestamp_sec": 170, "timestamp_ns": 29996199, "steering_angle": -1.5661405505795756e-09}}
{"data": {"timestamp_sec": 171, "timestamp_ns": 29996177, "steering_angle": -1.5661405505795756e-09}}
{"data": {"timestamp_sec": 172, "timestamp_ns": 29996154, "steering_angle": -1.5661405505795756e-09}}
{"data": {"timestamp_sec": 173, "timestamp_ns": 29996132, "steering_angle": -1.5661405505795756e-09}}
{"data": {"timestamp_sec": 174, "timestamp_ns": 29996110, "steering_angle": -0.05280546844005585}}
{"data": {"timestamp_sec": 175, "timestamp_ns": 29996087, "steering_angle": -0.04393733665347099}}
{"data": {"timestamp_sec": 176, "timestamp_ns": 29996065, "steering_angle": -0.04061006009578705}}
{"data": {"timestamp_sec": 177, "timestamp_ns": 29996043, "steering_angle": 0.03476757928729057}}
{"data": {"timestamp_sec": 178, "timestamp_ns": 29996020, "steering_angle": 0.14591610431671143}}
{"data": {"timestamp_sec": 179, "timestamp_ns": 29995998, "steering_angle": 0.08727982640266418}}
{"data": {"timestamp_sec": 180, "timestamp_ns": 29995976, "steering_angle": -0.03212093934416771}}
{"data": {"timestamp_sec": 181, "timestamp_ns": 29995953, "steering_angle": -0.08664257824420929}}
{"data": {"timestamp_sec": 182, "timestamp_ns": 29995931, "steering_angle": -0.07849209010601044}}
{"data": {"timestamp_sec": 183, "timestamp_ns": 29995908, "steering_angle": -0.04973617568612099}}
{"data": {"timestamp_sec": 184, "timestamp_ns": 29995886, "steering_angle": -0.001967791235074401}}
{"data": {"timestamp_sec": 185, "timestamp_ns": 29995864, "steering_angle": -0.06042712926864624}}
{"data": {"timestamp_sec": 186, "timestamp_ns": 29995841, "steering_angle": -0.03158377856016159}}
{"data": {"timestamp_sec": 187, "timestamp_ns": 29995819, "steering_angle": -0.08334282785654068}}
{"data": {"timestamp_sec": 188, "timestamp_ns": 29995797, "steering_angle": -0.12083412706851959}}
{"data": {"timestamp_sec": 189, "timestamp_ns": 29995774, "steering_angle": -0.21755573153495789}}
{"data": {"timestamp_sec": 190, "timestamp_ns": 29995752, "steering_angle": -0.27178755402565}}
{"data": {"timestamp_sec": 191, "timestamp_ns": 29995730, "steering_angle": 0.03414364904165268}}
{"data": {"timestamp_sec": 192, "timestamp_ns": 29995707, "steering_angle": 0.1240135058760643}}
