{"data": {"timestamp_sec": 168, "timestamp_ns": 549996232, "longitudinal_velocity": 0.0, "lateral_velocity": -0.0, "yaw_rate": -0.0}}
{"data": {"timestamp_sec": 169, "timestamp_ns": 29996221, "longitudinal_velocity": 0.0, "lateral_velocity": -0.0, "yaw_rate": -0.0}}
{"data": {"timestamp_sec": 170, "timestamp_ns": 29996199, "longitudinal_velocity": 0.0, "lateral_velocity": -0.0, "yaw_rate": -0.0}}
{"data": {"timestamp_sec": 171, "timestamp_ns": 29996177, "longitudinal_velocity": 0.0, "lateral_velocity": -0.0, "yaw_rate": -0.0}}
{"data": {"timestamp_sec": 172, "timestamp_ns": 29996154, "longitudinal_velocity": 0.0, "lateral_velocity": -0.0, "yaw_rate": -0.0}}
{"data": {"timestamp_sec": 173, "timestamp_ns": 29996132, "longitudinal_velocity": 0.0, "lateral_velocity": -0.0, "yaw_rate": -0.0}}
{"data": {"timestamp_sec": 174, "timestamp_ns": 29996110, "longitudinal_velocity": 0.0, "lateral_velocity": -0.0, "yaw_rate": -0.0}}
{"data": {"timestamp_sec": 175, "timestamp_ns": 29996087, "longitudinal_velocity": 0.14323358237743378, "lateral_velocity": -0.0018246471881866455, "yaw_rate": -0.002290318487212062}}
{"data": {"timestamp_sec": 176, "timestamp_ns": 29996065, "longitudinal_velocity": 0.6911541223526001, "lateral_velocity": -0.011059999465942383, "yaw_rate": -0.010173275135457516}}
{"data": {"timestamp_sec": 177, "timestamp_ns": 29996043, "longitudinal_velocity": 1.4913831949234009, "lateral_velocity": 0.020963847637176514, "yaw_rate": 0.016831178218126297}}
{"data": {"timestamp_sec": 178, "timestamp_ns": 29996020, "longitudinal_velocity": 2.3568544387817383, "lateral_velocity": 0.14455878734588623, "yaw_rate": 0.12303803861141205}}
{"data": {"timestamp_sec": 179, "timestamp_ns": 29995998, "longitudinal_velocity": 3.0721778869628906, "lateral_velocity": 0.11506211757659912, "yaw_rate": 0.09656622260808945}}
{"data": {"timestamp_sec": 180, "timestamp_ns": 29995976, "longitudinal_velocity": 3.468827247619629, "lateral_velocity": -0.03625071048736572, "yaw_rate": -0.035579830408096313}}
{"data": {"timestamp_sec": 181, "timestamp_ns": 29995953, "longitudinal_velocity": 3.427971839904785, "lateral_velocity": -0.11784017086029053, "yaw_rate": -0.10546118021011353}}
{"data": {"timestamp_sec": 182, "timestamp_ns": 29995931, "longitudinal_velocity": 3.0421206951141357, "lateral_velocity": -0.09559750556945801, "yaw_rate": -0.08580704778432846}}
{"data": {"timestamp_sec": 183, "timestamp_ns": 29995908, "longitudinal_velocity": 2.5759527683258057, "lateral_velocity": -0.05019724369049072, "yaw_rate": -0.04596615955233574}}
{"data": {"timestamp_sec": 184, "timestamp_ns": 29995886, "longitudinal_velocity": 1.677855372428894, "lateral_velocity": -0.0003794431686401367, "yaw_rate": -0.0031425300985574722}}
{"data": {"timestamp_sec": 185, "timestamp_ns": 29995864, "longitudinal_velocity": 0.9045690298080444, "lateral_velocity": -0.017728447914123535, "yaw_rate": -0.01858886517584324}}
{"data": {"timestamp_sec": 186, "timestamp_ns": 29995841, "longitudinal_velocity": 0.7872167825698853, "lateral_velocity": -0.007011592388153076, "yaw_rate": -0.008255799300968647}}
{"data": {"timestamp_sec": 187, "timestamp_ns": 29995819, "longitudinal_velocity": 0.8264806270599365, "lateral_velocity": -0.02478930354118347, "yaw_rate": -0.023329291492700577}}
{"data": {"timestamp_sec": 188, "timestamp_ns": 29995797, "longitudinal_velocity": 0.7160141468048096, "lateral_velocity": -0.033029258251190186, "yaw_rate": -0.030519826337695122}}
{"data": {"timestamp_sec": 189, "timestamp_ns": 29995774, "longitudinal_velocity": 0.461342453956604, "lateral_velocity": -0.04043632745742798, "yaw_rate": -0.036325518041849136}}
{"data": {"timestamp_sec": 190, "timestamp_ns": 29995752, "longitudinal_velocity": 0.10278306901454926, "lateral_velocity": -0.009175579994916916, "yaw_rate": -0.010333064943552017}}
{"data": {"timestamp_sec": 191, "timestamp_ns": 29995730, "longitudinal_velocity": 0.0, "lateral_velocity": -0.0, "yaw_rate": -0.0}}
{"data": {"timestamp_sec": 192, "timestamp_ns": 29995707, "longitudinal_velocity": 0.0, "lateral_velocity": -0.0, "yaw_rate": -0.0}}
