{"data": {"timestamp_sec": 52, "timestamp_ns": 709998821, "steering_angle": -0.0}}
{"data": {"timestamp_sec": 53, "timestamp_ns": 29998814, "steering_angle": -0.0}}
{"data": {"timestamp_sec": 54, "timestamp_ns": 29998792, "steering_angle": -0.0}}
{"data": {"timestamp_sec": 55, "timestamp_ns": 29998769, "steering_angle": -0.0}}
{"data": {"timestamp_sec": 56, "timestamp_ns": 29998747, "steering_angle": -0.0}}
{"data": {"timestamp_sec": 57, "timestamp_ns": 29998725, "steering_angle": 0.0}}
{"data": {"timestamp_sec": 58, "timestamp_ns": 29998702, "steering_angle": 0.0}}
{"data": {"timestamp_sec": 59, "timestamp_ns": 29998680, "steering_angle": -0.0036167141515761614}}
{"data": {"timestamp_sec": 60, "timestamp_ns": 29998658, "steering_angle": -0.007569052744656801}}
{"data": {"timestamp_sec": 61, "timestamp_ns": 29998635, "steering_angle": -0.012878664769232273}}
{"data": {"timestamp_sec": 62, "timestamp_ns": 29998613, "steering_angle": 0.002123360987752676}}
{"data": {"timestamp_sec": 63, "timestamp_ns": 29998591, "steering_angle": -0.02343309111893177}}
{"data": {"timestamp_sec": 64, "timestamp_ns": 29998568, "steering_angle": -0.002742958487942815}}
{"data": {"timestamp_sec": 65, "timestamp_ns": 29998546, "steering_angle": -0.007361864671111107}}
{"data": {"timestamp_sec": 66, "timestamp_ns": 29998524, "steering_angle": 0.003182477317750454}}
{"data": {"timestamp_sec": 67, "timestamp_ns": 29998501, "steering_angle": 0.021211965009570122}}
{"data": {"timestamp_sec": 68, "timestamp_ns": 29998479, "steering_angle": 0.05975538119673729}}
{"data": {"timestamp_sec": 69, "timestamp_ns": 29998457, "steering_angle": 0.025603776797652245}}
{"data": {"timestamp_sec": 70, "timestamp_ns": 29998434, "steering_angle": 0.0025139988865703344}}
{"data": {"timestamp_sec": 71, "timestamp_ns": 29998412, "steering_angle": 0.0024845884181559086}}
{"data": {"timestamp_sec": 72, "timestamp_ns": 29998390, "steering_angle": 0.002296572318300605}}
{"data": {"timestamp_sec": 73, "timestamp_ns": 29998367, "steering_angle": 0.0003054243279621005}}
{"data": {"timestamp_sec": 74, "timestamp_ns": 29998345, "steering_angle": -0.025925764814019203}}
{"data": {"timestamp_sec": 75, "timestamp_ns": 29998322, "steering_angle": -0.015409732237458229}}
{"data": {"timestamp_sec": 76, "timestamp_ns": 29998300, "steering_angle": -0.0018156517762690783}}
{"data": {"timestamp_sec": 77, "timestamp_ns": 29998278, "steering_angle": -0.0005628872895613313}}
{"data": {"timestamp_sec": 78, "timestamp_ns": 29998255, "steering_angle": -0.0037661585956811905}}
{"data": {"timestamp_sec": 79, "timestamp_ns": 29998233, "steering_angle": -0.012450392358005047}}
{"data": {"timestamp_sec": 80, "timestamp_ns": 29998211, "steering_angle": -0.013127102516591549}}
{"data": {"timestamp_sec": 81, "timestamp_ns": 29998188, "steering_angle": -0.01562769152224064}}
{"data": {"timestamp_sec": 82, "timestamp_ns": 29998166, "steering_angle": -0.014889395795762539}}
{"data": {"timestamp_sec": 83, "timestamp_ns": 29998144, "steering_angle": -0.014887006022036076}}
{"data": {"timestamp_sec": 84, "timestamp_ns": 29998121, "steering_angle": -0.012948141433298588}}
{"data": {"timestamp_sec": 85, "timestamp_ns": 29998099, "steering_angle": -0.012293266132473946}}
{"data": {"timestamp_sec": 86, "timestamp_ns": 29998077, "steering_angle": -0.013370414264500141}}
{"data": {"timestamp_sec": 87, "timestamp_ns": 29998054, "steering_angle": -0.014749533496797085}}
{"data": {"timestamp_sec": 88, "timestamp_ns": 29998032, "steering_angle": -0.012701092287898064}}
{"data": {"timestamp_sec": 89, "timestamp_ns": 29998010, "steering_angle": -0.012540256604552269}}
{"data": {"timestamp_sec": 90, "timestamp_ns": 29997987, "steering_angle": -0.012532955966889858}}
{"data": {"timestamp_sec": 91, "timestamp_ns": 29997965, "steering_angle": -0.012547408230602741}}
{"data": {"timestamp_sec": 92, "timestamp_ns": 29997942, "steering_angle": -0.01258534099906683}}
{"data": {"timestamp_sec": 93, "timestamp_ns": 29997920, "steering_angle": -0.012573197484016418}}
{"data": {"timestamp_sec": 94, "timestamp_ns": 29997898, "steering_angle": -0.012588434852659702}}
{"data": {"timestamp_sec": 95, "timestamp_ns": 29997875, "steering_angle": -0.012593815103173256}}
{"data": {"timestamp_sec": 96, "timestamp_ns": 29997853, "steering_angle": -0.012598909437656403}}
{"data": {"timestamp_sec": 97, "timestamp_ns": 29997831, "steering_angle": -0.012603245675563812}}
{"data": {"timestamp_sec": 98, "timestamp_ns": 29997808, "steering_angle": -0.012609301134943962}}
{"data": {"timestamp_sec": 99, "timestamp_ns": 29997786, "steering_angle": -0.012614366598427296}}
{"data": {"timestamp_sec": 100, "timestamp_ns": 29997764, "steering_angle": -0.012620159424841404}}
{"data": {"timestamp_sec": 101, "timestamp_ns": 29997741, "steering_angle": -0.012620432302355766}}
{"data": {"timestamp_sec": 102, "timestamp_ns": 29997719, "steering_angle": -0.012624665163457394}}
{"data": {"timestamp_sec": 103, "timestamp_ns": 29997697, "steering_angle": -0.01262693852186203}}
{"data": {"timestamp_sec": 104, "timestamp_ns": 29997674, "steering_angle": -0.012700291350483894}}
{"data": {"timestamp_sec": 105, "timestamp_ns": 29997652, "steering_angle": -0.01294445525854826}}
{"data": {"timestamp_sec": 106, "timestamp_ns": 29997630, "steering_angle": -0.01294445525854826}}
{"data": {"timestamp_sec": 107, "timestamp_ns": 29997607, "steering_angle": -0.01294445525854826}}
{"data": {"timestamp_sec": 108, "timestamp_ns": 29997585, "steering_angle": -0.013151013292372227}}
{"data": {"timestamp_sec": 109, "timestamp_ns": 29997562, "steering_angle": -0.014224899932742119}}
{"data": {"timestamp_sec": 110, "timestamp_ns": 29997540, "steering_angle": -0.016345778480172157}}
{"data": {"timestamp_sec": 111, "timestamp_ns": 29997518, "steering_angle": -0.015769897028803825}}
{"data": {"timestamp_sec": 112, "timestamp_ns": 29997495, "steering_angle": -0.014829610474407673}}
{"data": {"timestamp_sec": 113, "timestamp_ns": 29997473, "steering_angle": -0.012643849477171898}}
{"data": {"timestamp_sec": 114, "timestamp_ns": 29997451, "steering_angle": -0.011425046250224113}}
{"data": {"timestamp_sec": 115, "timestamp_ns": 29997428, "steering_angle": -0.010719960555434227}}
{"data": {"timestamp_sec": 116, "timestamp_ns": 29997406, "steering_angle": -0.010534007102251053}}
{"data": {"timestamp_sec": 117, "timestamp_ns": 29997384, "steering_angle": -0.010179993696510792}}
{"data": {"timestamp_sec": 118, "timestamp_ns": 29997361, "steering_angle": -0.010577850043773651}}
{"data": {"timestamp_sec": 119, "timestamp_ns": 29997339, "steering_angle": -0.012233356013894081}}
{"data": {"timestamp_sec": 120, "timestamp_ns": 29997317, "steering_angle": -0.010211167857050896}}
{"data": {"timestamp_sec": 121, "timestamp_ns": 29997294, "steering_angle": -0.010257462970912457}}
{"data": {"timestamp_sec": 122, "timestamp_ns": 29997272, "steering_angle": -0.010569148696959019}}
{"data": {"timestamp_sec": 123, "timestamp_ns": 29997250, "steering_angle": -0.01242040190845728}}
{"data": {"timestamp_sec": 124, "timestamp_ns": 29997227, "steering_angle": -0.002864991081878543}}
{"data": {"timestamp_sec": 125, "timestamp_ns": 29997205, "steering_angle": -0.005248402711004019}}
{"data": {"timestamp_sec": 126, "timestamp_ns": 29997183, "steering_angle": -0.005060787778347731}}
{"data": {"timestamp_sec": 127, "timestamp_ns": 29997160, "steering_angle": -0.004518796224147081}}
{"data": {"timestamp_sec": 128, "timestamp_ns": 29997138, "steering_angle": -0.0032705278135836124}}
{"data": {"timestamp_sec": 129, "timestamp_ns": 29997115, "steering_angle": -0.0028667894657701254}}
{"data": {"timestamp_sec": 130, "timestamp_ns": 29997093, "steering_angle": -0.001136107137426734}}
{"data": {"timestamp_sec": 131, "timestamp_ns": 29997071, "steering_angle": 3.707661016960628e-05}}
{"data": {"timestamp_sec": 132, "timestamp_ns": 29997048, "steering_angle": 0.00043331182678230107}}
{"data": {"timestamp_sec": 133, "timestamp_ns": 29997026,