{"data": {"timestamp_sec": 255, "timestamp_ns": 989994278, "position": {"x": 81702.10147955756, "y": 50041.38345829865, "z": 41.295777061778125}, "orientation": {"x": -0.0023037439675903056, "y": 0.0012829185661921612, "z": 0.10346557243651489, "w": 0.9946295401827097}}}
{"data": {"timestamp_sec": 256, "timestamp_ns": 989994255, "position": {"x": 81702.10151772726, "y": 50041.38346119203, "z": 41.295405740409805}, "orientation": {"x": -0.0023128796725940524, "y": 0.001265359116587, "z": 0.10346583048648691, "w": 0.994629514631286}}}
{"data": {"timestamp_sec": 257, "timestamp_ns": 989994233, "position": {"x": 81702.10163261542, "y": 50041.38349604884, "z": 41.29509112037941}, "orientation": {"x": -0.002321189029709935, "y": 0.0012623326552780958, "z": 0.10346473057827081, "w": 0.9946296135366781}}}
{"data": {"timestamp_sec": 258, "timestamp_ns": 989994211, "position": {"x": 81702.10191035066, "y": 50041.383607266755, "z": 41.29497510493467}, "orientation": {"x": -0.002319664779760701, "y": 0.001260696636507146, "z": 0.1034675970081751, "w": 0.9946293209878011}}}
{"data": {"timestamp_sec": 311, "timestamp_ns": 989993026, "position": {"x": 81702.26472783016, "y": 50041.419412406016, "z": 41.29855938109509}, "orientation": {"x": -0.0022476005559671957, "y": 0.0006842063486966938, "z": 0.10302168686574051, "w": 0.9946763353919457}}}
{"data": {"timestamp_sec": 312, "timestamp_ns": 989993004, "position": {"x": 81703.1783075323, "y": 50041.60660010195, "z": 41.29170273508741}, "orientation": {"x": -0.0022138523531036267, "y": 0.0004866180410689026, "z": 0.09835165773518607, "w": 0.995149141325752}}}
{"data": {"timestamp_sec": 313, "timestamp_ns": 989992981, "position": {"x": 81704.9557264032, "y": 50041.94719849071, "z": 41.28467996937555}, "orientation": {"x": -0.00220443536527195, "y": 0.0006895932809866958, "z": 0.09133655664847604, "w": 0.9958174021101593}}}
{"data": {"timestamp_sec": 314, "timestamp_ns": 989992959, "position": {"x": 81707.75043833317, "y": 50042.45421251257, "z": 41.279007949044626}, "orientation": {"x": -0.0018597941831033503, "y": 0.0007367061711956711, "z": 0.08914192989399645, "w": 0.996016924938722}}}
{"data": {"timestamp_sec": 315, "timestamp_ns": 989992937, "position": {"x": 81711.42787199047, "y": 50043.131031285084, "z": 41.269400011311376}, "orientation": {"x": -0.0014513842757375335, "y": 0.000960931041349793, "z": 0.09312647885528974, "w": 0.9956527652908082}}}
{"data": {"timestamp_sec": 316, "timestamp_ns": 989992914, "position": {"x": 81716.07671184964, "y": 50044.041684623095, "z": 41.25939842307458}, "orientation": {"x": -0.0004035770257345895, "y": 0.0009390413224076585, "z": 0.0991497803601053, "w": 0.9950719955769644}}}
{"data": {"timestamp_sec": 317, "timestamp_ns": 989992892, "position": {"x": 81721.65520296387, "y": 50045.19463777683, "z": 41.24037890361024}, "orientation": {"x": 0.0008040276727850393, "y": 0.0019284301776627496, "z": 0.10364792553758645, "w": 0.9946118550612124}}}
{"data": {"timestamp_sec": 318, "timestamp_ns": 989992870, "position": {"x": 81728.21627456116, "y": 50046.59277177874, "z": 41.20071313291309}, "orientation": {"x": 0.001189466495307765, "y": 0.0034371128227934323, "z": 0.105673135335485, "w": 0.9943942678300535}}}
{"data": {"timestamp_sec": 319, "timestamp_ns": 989992847, "position": {"x": 81735.78742355145, "y": 50048.22469558071, "z": 41.11296263003943}, "orientation": {"x": 0.0007021319239956759, "y": 0.005832351515773224, "z": 0.10530184422768092, "w": 0.9944229544257348}}}
{"data": {"timestamp_sec": 320, "timestamp_ns": 989992825, "position": {"x": 81744.35985802024, "y": 50050.010739105885, "z": 40.99224458302789}, "orientation": {"x": -0.001693181094277244, "y": 0.005894525924266563, "z": 0.09954429591887543, "w": 0.9950142314821058}}}
{"data": {"timestamp_sec": 321, "timestamp_ns": 989992802, "position": {"x": 81753.72499707178, "y": 50051.82335926639, "z": 40.89464372155856}, "orientation": {"x": -0.001240823446684906, "y": 0.005443989291910803, "z": 0.09190549057929485, "w": 0.9957520796559466}}}
{"data": {"timestamp_sec": 322, "timestamp_ns": 989992780, "position": {"x": 81763.45010404135, "y": 50053.592435183404, "z": 40.75998014911117}, "orientation": {"x": -0.0023749221835181566, "y": 0.006576968550573736, "z": 0.08839525364559168, "w": 0.9960609330569283}}}
{"data": {"timestamp_sec": 323, "timestamp_ns": 989992758, "position": {"x": 81773.08081435025, "y": 50055.30972881404, "z": 40.63161490758663}, "orientation": {"x": -0.004791996812715599, "y": 0.004993105599301208, "z": 0.08821230613848996, "w": 0.9960776549590653}}}
{"data": {"timestamp_sec": 324, "timestamp_ns": 989992735, "position": {"x": 81782.2776409376, "y": 50056.930756025926, "z": 40.572100354962345}, "orientation": {"x": -0.0030255990883473896, "y": 0.0034154736415913716, "z": 0.08498469677432138, "w": 0.9963718089168003}}}
{"data": {"timestamp_sec": 325, "timestamp_ns": 989992713, "position": {"x": 81791.07560588626, "y": 50058.391338335976, "z": 40.50164941382307}, "orientation": {"x": -0.0010939037668905032, "y": 0.005626215058156998, "z": 0.08112395580053706, "w": 0.9966875402421467}}}
{"data": {"timestamp_sec": 326, "timestamp_ns": 989992691, "position": {"x": 81799.34630282166, "y": 50059.7652673903, "z": 40.40803022490127}, "orientation": {"x": -0.003354968926396629, "y": 0.004916556786405379, "z": 0.08411977114059908, "w": 0.9964378735054796}}}
{"data": {"timestamp_sec": 327, "timestamp_ns": 989992668, "position": {"x": 81807.12680286221, "y": 50061.11831338141, "z": 40.328485196547966}, "orientation": {"x": -0.004808671339456627, "y": 0.005343659866747825, "z": 0.08718419377653226, "w": 0.9961662704261341}}}
{"data": {"timestamp_sec": 328, "timestamp_ns": 989992646, "position": {"x": 81814.41762757064, "y": 50062.412136937295, "z": 40.24445236407925}, "orientation": {"x": -0.006088361872053155, "y": 0.005162501273029875, "z": 0.08774984916679324, "w": 0.9961105583224815}}}
{"data": {"timestamp_sec": 329, "timestamp_ns": 989992624, "position": {"x": 81821.20455347536, "y": 50063.61610574949, "z": 40.19115077865844}, "orientation": {"x": -0.007006001491939978, "y": 0.004013630379665298, "z": 0.0877972295176032, "w": 0.9961056435957503}}}
{"data": {"timestamp_sec": 330, "timestamp_ns": 989992601, "position": {"x": 81827.50283544393, "y": 50064.73380056501, "z": 40.13609686533258}, "orientation": {"x": -0.005736792295327554, "y": 0.0029165750910707814, "z": 0.0884553338705115, "w": 0.9960593540114738}}}
{"data": {"timestamp_sec": 331, "timestamp_ns": 989992579, "position": {"x": 81833.2841586566, "y": 50065.775676893994, "z": 40.09986765036888}, "orientation": {"x": -0.0022886293710467904, "y": 0.002836084994611523, "z": 0.0898189199615259, "w": 0.9959514448076524}}}
{"data": {"timestamp_sec": 332, "timestamp_ns": 989992557, "position": {"x": 81838.5890781275, "y": 50066.74032102492, "z": 40.06926688734564}, "orientation": {"x": 0.0008594329912822218, "y": 0.00508880490893138, "z": 0.08919217911587526, "w": 0.9960010645697592}}}
{"data": {"timestamp_sec": 333, "timestamp_ns": 989992534, "position": {"x": 81843.44280305131, "y": 50067.53427439543, "z": 40.02104020842946}, "orientation": {"x": 0.004248956407976599, "y": 0.00640941166913123, "z": 0.06403292861309853, "w": 0.9979181578990978}}}
{"data": {"timestamp_sec": 334, "timestamp_ns": 989992512, "position": {"x": 81847.87320383536, "y": 50067.82597859735, "z": 39.972260532677055}, "orientation": {"x": 0.00441373132833564, "y": 0.0072348031246439745, "z": -0.006384789383450301, "w": 0.9999437039473962}}}
{"data": {"timestamp_sec": 335, "timestamp_ns": 989992490, "position": {"x": 81851.90106038177, "y": 50067.38577866068, "z": 39.9020952198625}, "orientation": {"x": 0.003389557290698622, "y": 0.009803734843059913, "z": -0.10631632078948387, "w": 0.994278249595297}}}
{"data": {"timestamp_sec": 336, "timestamp_ns": 989992467, "position": {"x": 81855.59423412025, "y": 50066.120096277955, "z": 39.81358638457802},