{"data": {"timestamp_sec": 255, "timestamp_ns": 989994278, "steering_angle": 8.808340723476249e-10}}
{"data": {"timestamp_sec": 256, "timestamp_ns": 989994255, "steering_angle": 8.808340723476249e-10}}
{"data": {"timestamp_sec": 257, "timestamp_ns": 989994233, "steering_angle": 8.808340723476249e-10}}
{"data": {"timestamp_sec": 258, "timestamp_ns": 989994211, "steering_angle": 8.808340723476249e-10}}
{"data": {"timestamp_sec": 311, "timestamp_ns": 989993026, "steering_angle": -0.01923680305480957}}
{"data": {"timestamp_sec": 312, "timestamp_ns": 989993004, "steering_angle": -0.02834518440067768}}
{"data": {"timestamp_sec": 313, "timestamp_ns": 989992981, "steering_angle": -0.012997506186366081}}
{"data": {"timestamp_sec": 314, "timestamp_ns": 989992959, "steering_angle": 0.0028502955101430416}}
{"data": {"timestamp_sec": 315, "timestamp_ns": 989992937, "steering_angle": 0.007621381431818008}}
{"data": {"timestamp_sec": 316, "timestamp_ns": 989992914, "steering_angle": 0.006059547420591116}}
{"data": {"timestamp_sec": 317, "timestamp_ns": 989992892, "steering_angle": 0.0028329985216259956}}
{"data": {"timestamp_sec": 318, "timestamp_ns": 989992870, "steering_angle": 0.0009522756445221603}}
{"data": {"timestamp_sec": 319, "timestamp_ns": 989992847, "steering_angle": -0.0021437485702335835}}
{"data": {"timestamp_sec": 320, "timestamp_ns": 989992825, "steering_angle": -0.004879397340118885}}
{"data": {"timestamp_sec": 321, "timestamp_ns": 989992802, "steering_angle": -0.003165261121466756}}
{"data": {"timestamp_sec": 322, "timestamp_ns": 989992780, "steering_angle": -0.0004956657066941261}}
{"data": {"timestamp_sec": 323, "timestamp_ns": 989992758, "steering_angle": -0.000649588240776211}}
{"data": {"timestamp_sec": 324, "timestamp_ns": 989992735, "steering_angle": -0.0033354691695421934}}
{"data": {"timestamp_sec": 325, "timestamp_ns": 989992713, "steering_angle": 0.000810178171377629}}
{"data": {"timestamp_sec": 326, "timestamp_ns": 989992691, "steering_angle": 0.0025550269056111574}}
{"data": {"timestamp_sec": 327, "timestamp_ns": 989992668, "steering_angle": 0.0010734617244452238}}
{"data": {"timestamp_sec": 328, "timestamp_ns": 989992646, "steering_angle": 0.00013545296678785235}}
{"data": {"timestamp_sec": 329, "timestamp_ns": 989992624, "steering_angle": 0.0002884475397877395}}
{"data": {"timestamp_sec": 330, "timestamp_ns": 989992601, "steering_angle": 0.0008298137690871954}}
{"data": {"timestamp_sec": 331, "timestamp_ns": 989992579, "steering_angle": 0.0014505251310765743}}
{"data": {"timestamp_sec": 332, "timestamp_ns": 989992557, "steering_angle": -0.005129482131451368}}
{"data": {"timestamp_sec": 333, "timestamp_ns": 989992534, "steering_angle": -0.061723146587610245}}
{"data": {"timestamp_sec": 334, "timestamp_ns": 989992512, "steering_angle": -0.11725521087646484}}
{"data": {"timestamp_sec": 335, "timestamp_ns": 989992490, "steering_angle": -0.16022780537605286}}
{"data": {"timestamp_sec": 336, "timestamp_ns": 989992467, "steering_angle": -0.18975797295570374}}
{"data": {"timestamp_sec": 337, "timestamp_ns": 989992445, "steering_angle": -0.18255415558815002}}
{"data": {"timestamp_sec": 338, "timestamp_ns": 989992422, "steering_angle": -0.08682601898908615}}
{"data": {"timestamp_sec": 339, "timestamp_ns": 989992400, "steering_angle": -0.017778722569346428}}
{"data": {"timestamp_sec": 340, "timestamp_ns": 989992378, "steering_angle": -0.0008907726733013988}}
{"data": {"timestamp_sec": 341, "timestamp_ns": 989992355, "steering_angle": 5.41004519618582e-05}}
{"data": {"timestamp_sec": 342, "timestamp_ns": 989992333, "steering_angle": -0.0006474707624875009}}
{"data": {"timestamp_sec": 343, "timestamp_ns": 989992311, "steering_angle": -0.0013557486236095428}}
{"data": {"timestamp_sec": 344, "timestamp_ns": 989992288, "steering_angle": -0.0011395979672670364}}
{"data": {"timestamp_sec": 345, "timestamp_ns": 989992266, "steering_angle": -0.0013950496213510633}}
{"data": {"timestamp_sec": 346, "timestamp_ns": 989992244, "steering_angle": -0.0008417320204898715}}
{"data": {"timestamp_sec": 347, "timestamp_ns": 469992233, "steering_angle": -0.000850737327709794}}
