{"data": {"timestamp_sec": 255, "timestamp_ns": 989994278, "longitudinal_velocity": 0.0, "lateral_velocity": -0.0, "yaw_rate": -0.0}}
{"data": {"timestamp_sec": 256, "timestamp_ns": 989994255, "longitudinal_velocity": 0.0, "lateral_velocity": -0.0, "yaw_rate": -0.0}}
{"data": {"timestamp_sec": 257, "timestamp_ns": 989994233, "longitudinal_velocity": 0.0, "lateral_velocity": -0.0, "yaw_rate": -0.0}}
{"data": {"timestamp_sec": 258, "timestamp_ns": 989994211, "longitudinal_velocity": 0.0, "lateral_velocity": -0.0, "yaw_rate": -0.0}}
{"data": {"timestamp_sec": 311, "timestamp_ns": 989993026, "longitudinal_velocity": 0.4844748377799988, "lateral_velocity": -0.0031460151076316833, "yaw_rate": -0.00330231967382133}}
{"data": {"timestamp_sec": 312, "timestamp_ns": 989993004, "longitudinal_velocity": 1.4017362594604492, "lateral_velocity": -0.016378045082092285, "yaw_rate": -0.014540859498083591}}
{"data": {"timestamp_sec": 313, "timestamp_ns": 989992981, "longitudinal_velocity": 2.3174633979797363, "lateral_velocity": -0.011942833662033081, "yaw_rate": -0.011078749783337116}}
{"data": {"timestamp_sec": 314, "timestamp_ns": 989992959, "longitudinal_velocity": 3.2672128677368164, "lateral_velocity": 0.003687560558319092, "yaw_rate": 0.002769687445834279}}
{"data": {"timestamp_sec": 315, "timestamp_ns": 989992937, "longitudinal_velocity": 4.235518455505371, "lateral_velocity": 0.012051820755004883, "yaw_rate": 0.011238539591431618}}
{"data": {"timestamp_sec": 316, "timestamp_ns": 989992914, "longitudinal_velocity": 5.211490631103516, "lateral_velocity": 0.011823177337646484, "yaw_rate": 0.011185276322066784}}
{"data": {"timestamp_sec": 317, "timestamp_ns": 989992892, "longitudinal_velocity": 6.201550006866455, "lateral_velocity": 0.006699204444885254, "yaw_rate": 0.006444850005209446}}
{"data": {"timestamp_sec": 318, "timestamp_ns": 989992870, "longitudinal_velocity": 7.217019081115723, "lateral_velocity": 0.002264261245727539, "yaw_rate": 0.0023435817565768957}}
{"data": {"timestamp_sec": 319, "timestamp_ns": 989992847, "longitudinal_velocity": 8.243795394897461, "lateral_velocity": -0.0037200450897216797, "yaw_rate": -0.005645901430398226}}
{"data": {"timestamp_sec": 320, "timestamp_ns": 989992825, "longitudinal_velocity": 9.216716766357422, "lateral_velocity": -0.0162428617477417, "yaw_rate": -0.016032230108976364}}
{"data": {"timestamp_sec": 321, "timestamp_ns": 989992802, "longitudinal_velocity": 9.779449462890625, "lateral_velocity": -0.009938716888427734, "yaw_rate": -0.011078749783337116}}
{"data": {"timestamp_sec": 322, "timestamp_ns": 989992780, "longitudinal_velocity": 9.906243324279785, "lateral_velocity": 0.0034445524215698242, "yaw_rate": -0.0019174759509041905}}
{"data": {"timestamp_sec": 323, "timestamp_ns": 989992758, "longitudinal_velocity": 9.585909843444824, "lateral_velocity": 0.0007166862487792969, "yaw_rate": -0.0015446334145963192}}
{"data": {"timestamp_sec": 324, "timestamp_ns": 989992735, "longitudinal_velocity": 9.100749969482422, "lateral_velocity": -0.013286828994750977, "yaw_rate": -0.010759171098470688}}
{"data": {"timestamp_sec": 325, "timestamp_ns": 989992713, "longitudinal_velocity": 8.6295747756958, "lateral_velocity": 0.002686142921447754, "yaw_rate": 0.001597896683961153}}
{"data": {"timestamp_sec": 326, "timestamp_ns": 989992691, "longitudinal_velocity": 8.147116661071777, "lateral_velocity": 0.00885629653930664, "yaw_rate": 0.007723167072981596}}
{"data": {"timestamp_sec": 327, "timestamp_ns": 989992668, "longitudinal_velocity": 7.64647912979126, "lateral_velocity": 0.0053310394287109375, "yaw_rate": 0.0035153725184500217}}
{"data": {"timestamp_sec": 328, "timestamp_ns": 989992646, "longitudinal_velocity": 7.1428351402282715, "lateral_velocity": 0.0015327930450439453, "yaw_rate": 0.0002663161139935255}}
{"data": {"timestamp_sec": 329, "timestamp_ns": 989992624, "longitudinal_velocity": 6.652626991271973, "lateral_velocity": 0.0020047426223754883, "yaw_rate": 0.0005858954391442239}}
{"data": {"timestamp_sec": 330, "timestamp_ns": 989992601, "longitudinal_velocity": 6.144649505615234, "lateral_velocity": 0.00021886825561523438, "yaw_rate": 0.0019174759509041905}}
{"data": {"timestamp_sec": 331, "timestamp_ns": 989992579, "longitudinal_velocity": 5.641050815582275, "lateral_velocity": 0.004747867584228516, "yaw_rate": 0.0028762139845639467}}
{"data": {"timestamp_sec": 332, "timestamp_ns": 989992557, "longitudinal_velocity": 5.161656379699707, "lateral_velocity": -0.01571279764175415, "yaw_rate": -0.008362325839698315}}
{"data": {"timestamp_sec": 333, "timestamp_ns": 989992534, "longitudinal_velocity": 4.69419002532959, "lateral_velocity": -0.10696005821228027, "yaw_rate": -0.09358347952365875}}
{"data": {"timestamp_sec": 334, "timestamp_ns": 989992512, "longitudinal_velocity": 4.219971656799316, "lateral_velocity": -0.19865413010120392, "yaw_rate": -0.17315374314785004}}
{"data": {"timestamp_sec": 335, "timestamp_ns": 989992490, "longitudinal_velocity": 3.9609644412994385, "lateral_velocity": -0.25504374504089355, "yaw_rate": -0.22294652462005615}}
{"data": {"timestamp_sec": 336, "timestamp_ns": 989992467, "longitudinal_velocity": 3.938520669937134, "lateral_velocity": -0.29886865615844727, "yaw_rate": -0.2640790641307831}}
{"data": {"timestamp_sec": 337, "timestamp_ns": 989992445, "longitudinal_velocity": 3.9975645542144775, "lateral_velocity": -0.297910213470459, "yaw_rate": -0.26547056436538696}}
{"data": {"timestamp_sec": 338, "timestamp_ns": 989992422, "longitudinal_velocity": 4.476438999176025, "lateral_velocity": -0.16065239906311035, "yaw_rate": -0.149529829621315}}
{"data": {"timestamp_sec": 339, "timestamp_ns": 989992400, "longitudinal_velocity": 4.8398542404174805, "lateral_velocity": -0.03951716423034668, "yaw_rate": -0.03610580787062645}}
{"data": {"timestamp_sec": 340, "timestamp_ns": 989992378, "longitudinal_velocity": 4.7902960777282715, "lateral_velocity": 0.0023207664489746094, "yaw_rate": 0.001677791471593082}}
{"data": {"timestamp_sec": 341, "timestamp_ns": 989992355, "longitudinal_velocity": 4.391186714172363, "lateral_velocity": 0.0026074647903442383, "yaw_rate": 7.323692989302799e-05}}
{"data": {"timestamp_sec": 342, "timestamp_ns": 989992333, "longitudinal_velocity": 3.916290283203125, "lateral_velocity": 0.0017116069793701172, "yaw_rate": -0.0005925533478148282}}
{"data": {"timestamp_sec": 343, "timestamp_ns": 989992311, "longitudinal_velocity": 3.385784149169922, "lateral_velocity": 0.0010935068130493164, "yaw_rate": -0.001178448786959052}}
{"data": {"timestamp_sec": 344, "timestamp_ns": 989992288, "longitudinal_velocity": 2.800497531890869, "lateral_velocity": 0.0011445283889770508, "yaw_rate": -0.0013915016315877438}}
{"data": {"timestamp_sec": 345, "timestamp_ns": 989992266, "longitudinal_velocity": 2.1498751640319824, "lateral_velocity": 0.0007433295249938965, "yaw_rate": -0.0006191849242895842}}
{"data": {"timestamp_sec": 346, "timestamp_ns": 989992244, "longitudinal_velocity": 1.4940813779830933, "lateral_velocity": 0.0011824369430541992, "yaw_rate": -0.00025300029665231705}}
{"data": {"timestamp_sec": 347, "timestamp_ns": 469992233, "longitudinal_velocity": 1.2076177597045898, "lateral_velocity": 0.0015093684196472168, "yaw_rate": -0.00017976337403524667}}
