{"data": {"timestamp_sec": 58, "timestamp_ns": 309998696, "position": {"x": 81377.34941458153, "y": 49916.902318251196, "z": 41.21158163815209}, "orientation": {"x": 0.001168462785535542, "y": -0.0050957542096924805, "z": 0.3005944032761852, "w": 0.9537377379042874}}}
{"data": {"timestamp_sec": 59, "timestamp_ns": 19998680, "position": {"x": 81377.34846329023, "y": 49916.901824917906, "z": 41.211538060358556}, "orientation": {"x": 0.0011725917943707636, "y": -0.005096942493527468, "z": 0.3005938090239579, "w": 0.9537379137803895}}}
{"data": {"timestamp_sec": 60, "timestamp_ns": 9998658, "position": {"x": 81377.34762823327, "y": 49916.901480151086, "z": 41.21162666064553}, "orientation": {"x": 0.0011766098268383644, "y": -0.005096117707136228, "z": 0.30059317659291657, "w": 0.9537381125651895}}}
{"data": {"timestamp_sec": 61, "timestamp_ns": 19998636, "position": {"x": 81377.34796940036, "y": 49916.90191712903, "z": 41.2115595149857}, "orientation": {"x": 0.0011768101555534249, "y": -0.005096788446421023, "z": 0.30059225230226194, "w": 0.953738400045444}}}
{"data": {"timestamp_sec": 62, "timestamp_ns": 9998613, "position": {"x": 81377.34772032405, "y": 49916.901949794425, "z": 41.21146910508217}, "orientation": {"x": 0.0011730130986970034, "y": -0.005096654912845088, "z": 0.3005925244945174, "w": 0.9537383196490444}}}
{"data": {"timestamp_sec": 63, "timestamp_ns": 9998591, "position": {"x": 81377.34793323623, "y": 49916.90227349879, "z": 41.211529597985354}, "orientation": {"x": 0.0011763363148902025, "y": -0.005096698373349042, "z": 0.3005921679522999, "w": 0.953738427696138}}}
{"data": {"timestamp_sec": 64, "timestamp_ns": 9998569, "position": {"x": 81377.34802613856, "y": 49916.90247775509, "z": 41.21170353719472}, "orientation": {"x": 0.001167110897299574, "y": -0.005094969787171632, "z": 0.300593212100814, "w": 0.9537381191783918}}}
{"data": {"timestamp_sec": 65, "timestamp_ns": 19998546, "position": {"x": 81377.34897326404, "y": 49916.90324000941, "z": 41.21172525709349}, "orientation": {"x": 0.0011666164720363819, "y": -0.005087332909856852, "z": 0.300594499167943, "w": 0.9537377548990316}}}
{"data": {"timestamp_sec": 66, "timestamp_ns": 9998524, "position": {"x": 81377.34931304536, "y": 49916.90347344061, "z": 41.21087103567489}, "orientation": {"x": 0.0011338922439628378, "y": -0.00507626484158847, "z": 0.3005969049611607, "w": 0.9537370950903651}}}
{"data": {"timestamp_sec": 67, "timestamp_ns": 19998501, "position": {"x": 81377.4496787923, "y": 49916.97366563187, "z": 41.179947501570524}, "orientation": {"x": 0.0006308659702438674, "y": -0.008116620418692454, "z": 0.3003326442829913, "w": 0.9537997825849474}}}
{"data": {"timestamp_sec": 68, "timestamp_ns": 9998479, "position": {"x": 81377.86825913191, "y": 49917.26584126945, "z": 41.189928863595355}, "orientation": {"x": 0.0015746293610862474, "y": -0.007885243875152487, "z": 0.29938188646769637, "w": 0.954099486178694}}}
{"data": {"timestamp_sec": 69, "timestamp_ns": 9998457, "position": {"x": 81378.78220319224, "y": 49917.89949061211, "z": 41.205836885984645}, "orientation": {"x": 0.0020221733644826146, "y": -0.006269218626724125, "z": 0.29672045717867107, "w": 0.9549416620947977}}}
{"data": {"timestamp_sec": 70, "timestamp_ns": 9998435, "position": {"x": 81380.03268695541, "y": 49918.76233433939, "z": 41.227634073219}, "orientation": {"x": 0.0023930729126213565, "y": -0.004093147788050679, "z": 0.2969922158015447, "w": 0.9548681286421223}}}
{"data": {"timestamp_sec": 71, "timestamp_ns": 19998412, "position": {"x": 81381.33964243374, "y": 49919.65522819235, "z": 41.237600457381966}, "orientation": {"x": 0.004667612219736151, "y": -0.002439998267909983, "z": 0.29187472274409426, "w": 0.9564420557606595}}}
{"data": {"timestamp_sec": 72, "timestamp_ns": 19998390, "position": {"x": 81382.8672175887, "y": 49920.67334625783, "z": 41.253224397993286}, "orientation": {"x": 0.004847850257469859, "y": -0.001459656141112825, "z": 0.28926967376626767, "w": 0.9572342574265654}}}
{"data": {"timestamp_sec": 73, "timestamp_ns": 9998368, "position": {"x": 81384.36870008672, "y": 49921.66337382927, "z": 41.26663144570758}, "orientation": {"x": 0.00536678453879481, "y": -0.0016141305332881297, "z": 0.28551092767362785, "w": 0.9583590675656386}}}
{"data": {"timestamp_sec": 74, "timestamp_ns": 9998345, "position": {"x": 81385.54146219551, "y": 49922.421895392064, "z": 41.27338422783224}, "orientation": {"x": 0.003567462320474982, "y": -0.0038898240083739873, "z": 0.284098605130431, "w": 0.9587805406059926}}}
{"data": {"timestamp_sec": 75, "timestamp_ns": 9998323, "position": {"x": 81386.36911640214, "y": 49922.957845454825, "z": 41.28795201013122}, "orientation": {"x": 0.002739115869591893, "y": -0.0024485979019380315, "z": 0.2836747764093642, "w": 0.9589135116587234}}}
{"data": {"timestamp_sec": 76, "timestamp_ns": 19998300, "position": {"x": 81386.81229123201, "y": 49923.246234902035, "z": 41.296213473067866}, "orientation": {"x": 0.0006423973055842782, "y": -0.001198417307801774, "z": 0.28269929090118745, "w": 0.9592076219701466}}}
{"data": {"timestamp_sec": 77, "timestamp_ns": 9998278, "position": {"x": 81386.93070642214, "y": 49923.321890538245, "z": 41.30212065819104}, "orientation": {"x": 5.234347650620436e-05, "y": -0.0003790804545887248, "z": 0.28258740947230526, "w": 0.9592414761497238}}}
{"data": {"timestamp_sec": 78, "timestamp_ns": 9998256, "position": {"x": 81386.9225479886, "y": 49923.31556496937, "z": 41.29894668763363}, "orientation": {"x": -3.085179273205969e-05, "y": -0.00041722068586349544, "z": 0.28260182355431746, "w": 0.9592372148216731}}}
{"data": {"timestamp_sec": 79, "timestamp_ns": 9998233, "position": {"x": 81386.91944678458, "y": 49923.31309577938, "z": 41.30287916710578}, "orientation": {"x": -2.1222734811955486e-05, "y": -0.0003467495676966439, "z": 0.28261575142979095, "w": 0.9592331397309557}}}
{"data": {"timestamp_sec": 80, "timestamp_ns": 19998211, "position": {"x": 81386.9194871969, "y": 49923.3128838351, "z": 41.30004890685823}, "orientation": {"x": 5.909265012733327e-05, "y": -0.00035842649258818933, "z": 0.2826247578203052, "w": 0.959230480283817}}}
{"data": {"timestamp_sec": 81, "timestamp_ns": 19998189, "position": {"x": 81386.91964999546, "y": 49923.312716452696, "z": 41.29799402026132}, "orientation": {"x": 0.0001074366773112181, "y": -0.0003982856992592359, "z": 0.28259826306357677, "w": 0.9592382663026489}}}
{"data": {"timestamp_sec": 82, "timestamp_ns": 9998166, "position": {"x": 81386.92054414617, "y": 49923.313061971516, "z": 41.30161830415573}, "orientation": {"x": 2.161645092423898e-05, "y": -0.00035011207379063265, "z": 0.28258331703234146, "w": 0.9592426939462527}}}
{"data": {"timestamp_sec": 83, "timestamp_ns": 19998144, "position": {"x": 81386.92046972293, "y": 49923.312673402324, "z": 41.30057765370396}, "orientation": {"x": -2.924499696334602e-05, "y": -0.0003708446318961781, "z": 0.28257678276329823, "w": 0.9592446108590514}}}
{"data": {"timestamp_sec": 84, "timestamp_ns": 19998122, "position": {"x": 81386.91778085944, "y": 49923.3104083561, "z": 41.300565597534856}, "orientation": {"x": -3.848188897434298e-05, "y": -0.0003573582930894172, "z": 0.2825652259631803, "w": 0.9592480200086791}}}
{"data": {"timestamp_sec": 85, "timestamp_ns": 9998099, "position": {"x": 81386.91840951177, "y": 49923.310224186775, "z": 41.29971930208889}, "orientation": {"x": -5.895517509503631e-05, "y": -0.00035469833760724487, "z": 0.28253547051582056, "w": 0.9592567845023462}}}
{"data": {"timestamp_sec": 86, "timestamp_ns": 9998077, "position": {"x": 81386.91926977159, "y": 49923.31032843081, "z": 41.29989992003149}, "orientation": {"x": -5.041410078343651e-05, "y": -0.00039238748933257284, "z": 0.28253413502526215, "w": 0.9592571636615508}}}
{"data": {"timestamp_sec": 87, "timestamp_ns": 9998055, "position": {"x": 81386.92097180885, "y": 49923.311462276215, "z": 41.29880765534027}, "orientation": {"x": -0.00013232248696186386, "y": -0.00044513827117188235,