{"data": {"timestamp_sec": 58, "timestamp_ns": 309998696, "longitudinal_velocity": 0.0, "lateral_velocity": -0.0, "yaw_rate": -0.0}}
{"data": {"timestamp_sec": 59, "timestamp_ns": 29998680, "longitudinal_velocity": 0.0, "lateral_velocity": -0.0, "yaw_rate": -0.0}}
{"data": {"timestamp_sec": 60, "timestamp_ns": 29998658, "longitudinal_velocity": 0.0, "lateral_velocity": -0.0, "yaw_rate": -0.0}}
{"data": {"timestamp_sec": 61, "timestamp_ns": 29998635, "longitudinal_velocity": 0.0, "lateral_velocity": -0.0, "yaw_rate": -0.0}}
{"data": {"timestamp_sec": 62, "timestamp_ns": 29998613, "longitudinal_velocity": 0.0, "lateral_velocity": -0.0, "yaw_rate": -0.0}}
{"data": {"timestamp_sec": 63, "timestamp_ns": 29998591, "longitudinal_velocity": 0.0, "lateral_velocity": -0.0, "yaw_rate": -0.0}}
{"data": {"timestamp_sec": 64, "timestamp_ns": 29998568, "longitudinal_velocity": 0.0, "lateral_velocity": -0.0, "yaw_rate": -0.0}}
{"data": {"timestamp_sec": 65, "timestamp_ns": 29998546, "longitudinal_velocity": 0.0, "lateral_velocity": -0.0, "yaw_rate": -0.0}}
{"data": {"timestamp_sec": 66, "timestamp_ns": 29998524, "longitudinal_velocity": 0.00914091244339943, "lateral_velocity": 0.009246977977454662, "yaw_rate": 5.326322207110934e-05}}
{"data": {"timestamp_sec": 67, "timestamp_ns": 29998501, "longitudinal_velocity": 0.26353344321250916, "lateral_velocity": -6.709247827529907e-05, "yaw_rate": -0.0008522115531377494}}
{"data": {"timestamp_sec": 68, "timestamp_ns": 29998479, "longitudinal_velocity": 0.8506845235824585, "lateral_velocity": -0.005076110363006592, "yaw_rate": -0.004740426782518625}}
{"data": {"timestamp_sec": 69, "timestamp_ns": 29998457, "longitudinal_velocity": 1.4088892936706543, "lateral_velocity": 0.00035631656646728516, "yaw_rate": -0.001118527608923614}}
{"data": {"timestamp_sec": 70, "timestamp_ns": 29998434, "longitudinal_velocity": 1.5319838523864746, "lateral_velocity": -0.010180294513702393, "yaw_rate": -0.006924218963831663}}
{"data": {"timestamp_sec": 71, "timestamp_ns": 29998412, "longitudinal_velocity": 1.7282683849334717, "lateral_velocity": -0.007657051086425781, "yaw_rate": -0.005166532471776009}}
{"data": {"timestamp_sec": 72, "timestamp_ns": 29998390, "longitudinal_velocity": 1.8771045207977295, "lateral_velocity": -0.008205890655517578, "yaw_rate": -0.00532632227987051}}
{"data": {"timestamp_sec": 73, "timestamp_ns": 29998367, "longitudinal_velocity": 1.612815499305725, "lateral_velocity": -0.008428335189819336, "yaw_rate": -0.007669903803616762}}
{"data": {"timestamp_sec": 74, "timestamp_ns": 29998345, "longitudinal_velocity": 1.1800392866134644, "lateral_velocity": 0.0005813241004943848, "yaw_rate": 0.0018109495285898447}}
{"data": {"timestamp_sec": 75, "timestamp_ns": 29998322, "longitudinal_velocity": 0.7589136362075806, "lateral_velocity": -0.003825366497039795, "yaw_rate": -0.003728425595909357}}
{"data": {"timestamp_sec": 76, "timestamp_ns": 29998300, "longitudinal_velocity": 0.31106820702552795, "lateral_velocity": -0.001680135726928711, "yaw_rate": -0.0011717908782884479}}
{"data": {"timestamp_sec": 77, "timestamp_ns": 29998278, "longitudinal_velocity": 0.0, "lateral_velocity": -0.0, "yaw_rate": -0.0}}
{"data": {"timestamp_sec": 78, "timestamp_ns": 29998255, "longitudinal_velocity": 0.0, "lateral_velocity": -0.0, "yaw_rate": -0.0}}
{"data": {"timestamp_sec": 79, "timestamp_ns": 29998233, "longitudinal_velocity": 0.0, "lateral_velocity": -0.0, "yaw_rate": -0.0}}
{"data": {"timestamp_sec": 80, "timestamp_ns": 29998211, "longitudinal_velocity": 0.0, "lateral_velocity": -0.0, "yaw_rate": -0.0}}
{"data": {"timestamp_sec": 81, "timestamp_ns": 29998188, "longitudinal_velocity": 0.0, "lateral_velocity": -0.0, "yaw_rate": -0.0}}
{"data": {"timestamp_sec": 82, "timestamp_ns": 29998166, "longitudinal_velocity": 0.0, "lateral_velocity": -0.0, "yaw_rate": -0.0}}
{"data": {"timestamp_sec": 83, "timestamp_ns": 29998144, "longitudinal_velocity": 0.0, "lateral_velocity": -0.0, "yaw_rate": -0.0}}
{"data": {"timestamp_sec": 84, "timestamp_ns": 29998121, "longitudinal_velocity": 0.0, "lateral_velocity": -0.0, "yaw_rate": -0.0}}
{"data": {"timestamp_sec": 85, "timestamp_ns": 29998099, "longitudinal_velocity": 0.0, "lateral_velocity": -0.0, "yaw_rate": -0.0}}
{"data": {"timestamp_sec": 86, "timestamp_ns": 29998077, "longitudinal_velocity": 0.0, "lateral_velocity": -0.0, "yaw_rate": -0.0}}
{"data": {"timestamp_sec": 87, "timestamp_ns": 29998054, "longitudinal_velocity": 0.0, "lateral_velocity": -0.0, "yaw_rate": -0.0}}
{"data": {"timestamp_sec": 88, "timestamp_ns": 29998032, "longitudinal_velocity": 0.0, "lateral_velocity": -0.0, "yaw_rate": -0.0}}
{"data": {"timestamp_sec": 89, "timestamp_ns": 29998010, "longitudinal_velocity": 0.0, "lateral_velocity": -0.0, "yaw_rate": -0.0}}
{"data": {"timestamp_sec": 90, "timestamp_ns": 29997987, "longitudinal_velocity": 0.0, "lateral_velocity": -0.0, "yaw_rate": -0.0}}
{"data": {"timestamp_sec": 91, "timestamp_ns": 29997965, "longitudinal_velocity": 0.0, "lateral_velocity": -0.0, "yaw_rate": -0.0}}
{"data": {"timestamp_sec": 92, "timestamp_ns": 29997942, "longitudinal_velocity": 0.0, "lateral_velocity": -0.0, "yaw_rate": -0.0}}
{"data": {"timestamp_sec": 93, "timestamp_ns": 29997920, "longitudinal_velocity": 0.0, "lateral_velocity": -0.0, "yaw_rate": -0.0}}
{"data": {"timestamp_sec": 94, "timestamp_ns": 29997898, "longitudinal_velocity": 0.0, "lateral_velocity": -0.0, "yaw_rate": -0.0}}
{"data": {"timestamp_sec": 95, "timestamp_ns": 29997875, "longitudinal_velocity": 0.0, "lateral_velocity": -0.0, "yaw_rate": -0.0}}
{"data": {"timestamp_sec": 96, "timestamp_ns": 29997853, "longitudinal_velocity": 0.0, "lateral_velocity": -0.0, "yaw_rate": -0.0}}
{"data": {"timestamp_sec": 97, "timestamp_ns": 29997831, "longitudinal_velocity": 0.0, "lateral_velocity": -0.0, "yaw_rate": -0.0}}
{"data": {"timestamp_sec": 98, "timestamp_ns": 29997808, "longitudinal_velocity": 0.0, "lateral_velocity": -0.0, "yaw_rate": -0.0}}
{"data": {"timestamp_sec": 99, "timestamp_ns": 29997786, "longitudinal_velocity": 0.0, "lateral_velocity": -0.0, "yaw_rate": -0.0}}
{"data": {"timestamp_sec": 100, "timestamp_ns": 29997764, "longitudinal_velocity": 0.0, "lateral_velocity": -0.0, "yaw_rate": -0.0}}
{"data": {"timestamp_sec": 101, "timestamp_ns": 29997741, "longitudinal_velocity": 0.0, "lateral_velocity": -0.0, "yaw_rate": -0.0}}
{"data": {"timestamp_sec": 102, "timestamp_ns": 29997719, "longitudinal_velocity": 0.0, "lateral_velocity": -0.0, "yaw_rate": -0.0}}
{"data": {"timestamp_sec": 103, "timestamp_ns": 29997697, "longitudinal_velocity": 0.0, "lateral_velocity": -0.0, "yaw_rate": -0.0}}
{"data": {"timestamp_sec": 104, "timestamp_ns": 29997674, "longitudinal_velocity": 0.0, "lateral_velocity": -0.0, "yaw_rate": -0.0}}
{"data": {"timestamp_sec": 105, "timestamp_ns": 29997652, "longitudinal_velocity": 0.1540309190750122, "lateral_velocity": -0.00017679482698440552, "yaw_rate": -0.0}}
{"data": {"timestamp_sec": 106, "timestamp_ns": 29997630, "longitudinal_velocity": 0.6772993206977844, "lateral_velocity": 0.003387540578842163, "yaw_rate": 0.0027164241764694452}}
{"data": {"timestamp_sec": 107, "timestamp_ns": 29997607, "longitudinal_velocity": 1.2872049808502197, "lateral_velocity": 0.006406188011169434, "yaw_rate": 0.0052197957411408424}}
{"data": {"timestamp_sec": 108, "timestamp_ns": 29997585, "longitudinal_velocity": 2.0757193565368652, "lateral_velocity": 0.003277897834777832, "yaw_rate": 0.004793690051883459}}
{"data": {"timestamp_sec": 109, "timestamp_ns": 29997562, "longitudinal_velocity": 2.84653902053833, "lateral_velocity": -0.008028626441955566, "yaw_rate": -0.003195793367922306}}
{"data": {"timestamp_sec": 110, "timestamp_ns": 29997540, "longitudinal_velocity": 3.1897969245910645, "lateral_velocity": 0.02538752555847168, "yaw_rate": 0.02231729030609131}}
{"data": {"timestamp_sec": 111, "timestamp_ns": 29997518, "longitudinal_velocity": 3.2535486221313477, "lateral_velocity": 0.12111175060272217,