{"data": {"timestamp_sec": 58, "timestamp_ns": 309998696, "steering_angle": -0.0}}
{"data": {"timestamp_sec": 59, "timestamp_ns": 29998680, "steering_angle": -0.0}}
{"data": {"timestamp_sec": 60, "timestamp_ns": 29998658, "steering_angle": -0.0}}
{"data": {"timestamp_sec": 61, "timestamp_ns": 29998635, "steering_angle": -0.0}}
{"data": {"timestamp_sec": 62, "timestamp_ns": 29998613, "steering_angle": -0.0}}
{"data": {"timestamp_sec": 63, "timestamp_ns": 29998591, "steering_angle": -0.0}}
{"data": {"timestamp_sec": 64, "timestamp_ns": 29998568, "steering_angle": -0.0}}
{"data": {"timestamp_sec": 65, "timestamp_ns": 29998546, "steering_angle": 0.0}}
{"data": {"timestamp_sec": 66, "timestamp_ns": 29998524, "steering_angle": -0.0035104716662317514}}
{"data": {"timestamp_sec": 67, "timestamp_ns": 29998501, "steering_angle": -0.006552929524332285}}
{"data": {"timestamp_sec": 68, "timestamp_ns": 29998479, "steering_angle": -0.015122934244573116}}
{"data": {"timestamp_sec": 69, "timestamp_ns": 29998457, "steering_angle": -0.0002443839330226183}}
{"data": {"timestamp_sec": 70, "timestamp_ns": 29998434, "steering_angle": -0.01460197102278471}}
{"data": {"timestamp_sec": 71, "timestamp_ns": 29998412, "steering_angle": -0.005854575429111719}}
{"data": {"timestamp_sec": 72, "timestamp_ns": 29998390, "steering_angle": -0.008264434523880482}}
{"data": {"timestamp_sec": 73, "timestamp_ns": 29998367, "steering_angle": -0.011903704144060612}}
{"data": {"timestamp_sec": 74, "timestamp_ns": 29998345, "steering_angle": 0.0008270181715488434}}
{"data": {"timestamp_sec": 75, "timestamp_ns": 29998322, "steering_angle": -0.014254089444875717}}
{"data": {"timestamp_sec": 76, "timestamp_ns": 29998300, "steering_angle": -0.010473659262061119}}
{"data": {"timestamp_sec": 77, "timestamp_ns": 29998278, "steering_angle": -6.165367381072429e-07}}
{"data": {"timestamp_sec": 78, "timestamp_ns": 29998255, "steering_angle": 1.4551097216042308e-08}}
{"data": {"timestamp_sec": 79, "timestamp_ns": 29998233, "steering_angle": 1.462092935611281e-08}}
{"data": {"timestamp_sec": 80, "timestamp_ns": 29998211, "steering_angle": 1.463073662222314e-08}}
{"data": {"timestamp_sec": 81, "timestamp_ns": 29998188, "steering_angle": 1.4772215450875592e-08}}
{"data": {"timestamp_sec": 82, "timestamp_ns": 29998166, "steering_angle": 1.4879836029990656e-08}}
{"data": {"timestamp_sec": 83, "timestamp_ns": 29998144, "steering_angle": 1.49705758900609e-08}}
{"data": {"timestamp_sec": 84, "timestamp_ns": 29998121, "steering_angle": 1.5158040156393326e-08}}
{"data": {"timestamp_sec": 85, "timestamp_ns": 29998099, "steering_angle": 1.538881200247033e-08}}
{"data": {"timestamp_sec": 86, "timestamp_ns": 29998077, "steering_angle": 1.5532858554934137e-08}}
{"data": {"timestamp_sec": 87, "timestamp_ns": 29998054, "steering_angle": 1.548078465418712e-08}}
{"data": {"timestamp_sec": 88, "timestamp_ns": 29998032, "steering_angle": 1.550974282338302e-08}}
{"data": {"timestamp_sec": 89, "timestamp_ns": 29998010, "steering_angle": 1.5583252022111083e-08}}
{"data": {"timestamp_sec": 90, "timestamp_ns": 29997987, "steering_angle": 1.5290654076238752e-08}}
{"data": {"timestamp_sec": 91, "timestamp_ns": 29997965, "steering_angle": 1.4930808589497246e-08}}
{"data": {"timestamp_sec": 92, "timestamp_ns": 29997942, "steering_angle": 1.5378677886701553e-08}}
{"data": {"timestamp_sec": 93, "timestamp_ns": 29997920, "steering_angle": 1.5724047841558786e-08}}
{"data": {"timestamp_sec": 94, "timestamp_ns": 29997898, "steering_angle": 1.5725184709936002e-08}}
{"data": {"timestamp_sec": 95, "timestamp_ns": 29997875, "steering_angle": 1.5729234803529835e-08}}
{"data": {"timestamp_sec": 96, "timestamp_ns": 29997853, "steering_angle": 1.583700459661941e-08}}
{"data": {"timestamp_sec": 97, "timestamp_ns": 29997831, "steering_angle": 1.5916747031496925e-08}}
{"data": {"timestamp_sec": 98, "timestamp_ns": 29997808, "steering_angle": 1.5770547534543766e-08}}
{"data": {"timestamp_sec": 99, "timestamp_ns": 29997786, "steering_angle": 1.5827971822091058e-08}}
{"data": {"timestamp_sec": 100, "timestamp_ns": 29997764, "steering_angle": 1.589126163992205e-08}}
{"data": {"timestamp_sec": 101, "timestamp_ns": 29997741, "steering_angle": 1.5823973242845568e-08}}
{"data": {"timestamp_sec": 102, "timestamp_ns": 29997719, "steering_angle": 1.5788559792895285e-08}}
{"data": {"timestamp_sec": 103, "timestamp_ns": 29997697, "steering_angle": 1.575584285262721e-08}}
{"data": {"timestamp_sec": 104, "timestamp_ns": 29997674, "steering_angle": 6.626154208788648e-05}}
{"data": {"timestamp_sec": 105, "timestamp_ns": 29997652, "steering_angle": 0.0014276825822889805}}
{"data": {"timestamp_sec": 106, "timestamp_ns": 29997630, "steering_angle": 0.012492385692894459}}
{"data": {"timestamp_sec": 107, "timestamp_ns": 29997607, "steering_angle": 0.012193760834634304}}
{"data": {"timestamp_sec": 108, "timestamp_ns": 29997585, "steering_angle": 0.0040477872826159}}
{"data": {"timestamp_sec": 109, "timestamp_ns": 29997562, "steering_angle": -0.00607328163459897}}
{"data": {"timestamp_sec": 110, "timestamp_ns": 29997540, "steering_angle": 0.019716305658221245}}
{"data": {"timestamp_sec": 111, "timestamp_ns": 29997518, "steering_angle": 0.08729331195354462}}
{"data": {"timestamp_sec": 112, "timestamp_ns": 29997495, "steering_angle": 0.11626322567462921}}
{"data": {"timestamp_sec": 113, "timestamp_ns": 29997473, "steering_angle": 0.14402452111244202}}
{"data": {"timestamp_sec": 114, "timestamp_ns": 29997451, "steering_angle": 0.1500023901462555}}
{"data": {"timestamp_sec": 115, "timestamp_ns": 29997428, "steering_angle": 0.13351905345916748}}
{"data": {"timestamp_sec": 116, "timestamp_ns": 29997406, "steering_angle": 0.08518119901418686}}
{"data": {"timestamp_sec": 117, "timestamp_ns": 29997384, "steering_angle": 0.02700273133814335}}
{"data": {"timestamp_sec": 118, "timestamp_ns": 29997361, "steering_angle": 0.0053242831490933895}}
{"data": {"timestamp_sec": 119, "timestamp_ns": 29997339, "steering_angle": 0.0009527517249807715}}
{"data": {"timestamp_sec": 120, "timestamp_ns": 29997317, "steering_angle": -0.0006254632025957108}}
{"data": {"timestamp_sec": 121, "timestamp_ns": 29997294, "steering_angle": -0.0006624803645536304}}
{"data": {"timestamp_sec": 122, "timestamp_ns": 29997272, "steering_angle": -0.001201412407681346}}
{"data": {"timestamp_sec": 123, "timestamp_ns": 29997250, "steering_angle": -0.0014334563165903091}}
{"data": {"timestamp_sec": 124, "timestamp_ns": 29997227, "steering_angle": -0.0015789747703820467}}
{"data": {"timestamp_sec": 125, "timestamp_ns": 29997205, "steering_angle": -0.002759479219093919}}
{"data": {"timestamp_sec": 126, "timestamp_ns": 29997183, "steering_angle": -0.0022114559542387724}}
{"data": {"timestamp_sec": 127, "timestamp_ns": 29997160, "steering_angle": -0.000926902168430388}}
{"data": {"timestamp_sec": 128, "timestamp_ns": 29997138, "steering_angle": 0.0008253506966866553}}
{"data": {"timestamp_sec": 129, "timestamp_ns": 29997115, "steering_angle": 0.0012189620174467564}}
{"data": {"timestamp_sec": 130, "timestamp_ns": 29997093, "steering_angle": 0.0017211716622114182}}
{"data": {"timestamp_sec": 131, "timestamp_ns": 29997071, "steering_angle": 0.0004098698263987899}}
