{"data": {"timestamp_sec": 44, "timestamp_ns": 109999014, "num_objects": 1, "is_map_frame": true, "objects": [{"x": 81379.23334625672, "y": 49923.57480986437, "z": 43.52440643310547, "orientation_x": -0.00801477441559997, "orientation_y": 0.023772395092209443, "orientation_z": 0.2923973828466562, "orientation_w": 0.9559677856115618, "linear_velocity_x": 0.9772794720145226, "linear_velocity_y": 0.0, "linear_velocity_z": 0.0, "classification": 7}]}}
{"data": {"timestamp_sec": 45, "timestamp_ns": 9998993, "num_objects": 1, "is_map_frame": true, "objects": [{"x": 81380.01606593136, "y": 49924.059422568265, "z": 43.50070571899414, "orientation_x": -0.005856488854190448, "orientation_y": 0.024393952440180777, "orientation_z": 0.282685100357214, "orientation_w": 0.9588846492976508, "linear_velocity_x": 1.0014512381344958, "linear_velocity_y": 0.0, "linear_velocity_z": 0.0, "classification": 7}]}}
{"data": {"timestamp_sec": 46, "timestamp_ns": 9998971, "num_objects": 1, "is_map_frame": true, "objects": [{"x": 81380.82854842972, "y": 49924.485924134155, "z": 43.39505386352539, "orientation_x": -0.006592504594188838, "orientation_y": 0.024205417999461572, "orientation_z": 0.25590172880929546, "orientation_w": 0.9663772254223816, "linear_velocity_x": 0.9477039017973632, "linear_velocity_y": 0.0, "linear_velocity_z": 0.0, "classification": 7}]}}
{"data": {"timestamp_sec": 47, "timestamp_ns": 9998949, "num_objects": 1, "is_map_frame": true, "objects": [{"x": 81381.61607839572, "y": 49925.14063381098, "z": 43.293636322021484, "orientation_x": 0.00517387734817632, "orientation_y": -0.024547797671870427, "orientation_z": 0.3026627249340609, "orientation_w": 0.9527675013129572, "linear_velocity_x": 0.9686487968795757, "linear_velocity_y": 0.0, "linear_velocity_z": 0.0, "classification": 7}]}}
{"data": {"timestamp_sec": 48, "timestamp_ns": 9998926, "num_objects": 1, "is_map_frame": true, "objects": [{"x": 81382.5126228683, "y": 49925.690700514984, "z": 43.19916915893555, "orientation_x": -0.009472971737843602, "orientation_y": 0.023229855440942273, "orientation_z": 0.28362479411946123, "orientation_w": 0.9586071211833033, "linear_velocity_x": 1.0105039525700703, "linear_velocity_y": 0.0, "linear_velocity_z": 0.0, "classification": 7}]}}
{"data": {"timestamp_sec": 49, "timestamp_ns": 9998904, "num_objects": 1, "is_map_frame": true, "objects": [{"x": 81383.38376678122, "y": 49926.24634079772, "z": 43.16820526123047, "orientation_x": -0.008438580907271813, "orientation_y": 0.023625277344922046, "orientation_z": 0.2806404257167803, "orientation_w": 0.9594850640193161, "linear_velocity_x": 1.0296855980825794, "linear_velocity_y": 0.0, "linear_velocity_z": 0.0, "classification": 7}]}}
{"data": {"timestamp_sec": 50, "timestamp_ns": 9998882, "num_objects": 0, "is_map_frame": true, "objects": []}}
{"data": {"timestamp_sec": 51, "timestamp_ns": 9998859, "num_objects": 0, "is_map_frame": true, "objects": []}}
{"data": {"timestamp_sec": 52, "timestamp_ns": 9998837, "num_objects": 1, "is_map_frame": true, "objects": [{"x": 81384.607244361, "y": 49927.01659597383, "z": 42.96018600463867, "orientation_x": -0.02322093810796302, "orientation_y": -0.00949480967366959, "orientation_z": -0.9426901826527265, "orientation_w": 0.33272489560117985, "linear_velocity_x": 0.12395496737651354, "linear_velocity_y": 0.0, "linear_velocity_z": 0.0, "classification": 7}]}}
{"data": {"timestamp_sec": 53, "timestamp_ns": 9998815, "num_objects": 0, "is_map_frame": true, "objects": []}}
{"data": {"timestamp_sec": 54, "timestamp_ns": 9998792, "num_objects": 1, "is_map_frame": true, "objects": [{"x": 81382.63237487592, "y": 49925.6448345355, "z": 43.00807571411133, "orientation_x": -0.011103414692654716, "orientation_y": -0.0224961676628709, "orientation_z": -0.39172346356233034, "orientation_w": 0.9197409226066755, "linear_velocity_x": 0.4182809008041306, "linear_velocity_y": 0.0, "linear_velocity_z": 0.0, "classification": 7}]}}
{"data": {"timestamp_sec": 55, "timestamp_ns": 9998770, "num_objects": 1, "is_map_frame": true, "objects": [{"x": 81381.70527927106, "y": 49924.87094231946, "z": 43.04401397705078, "orientation_x": -0.02037195680874155, "orientation_y": -0.014640585819420926, "orientation_z": -0.8054878588901204, "orientation_w": 0.5920810297613466, "linear_velocity_x": 0.777987799124506, "linear_velocity_y": 0.0, "linear_velocity_z": 0.0, "classification": 7}]}}
{"data": {"timestamp_sec": 56, "timestamp_ns": 9998748, "num_objects": 1, "is_map_frame": true, "objects": [{"x": 81380.53510174055, "y": 49924.35335228917, "z": 43.17565155029297, "orientation_x": -0.02451000609613806, "orientation_y": -0.00535004472133952, "orientation_z": -0.9537362658736147, "orientation_w": 0.29959601429274824, "linear_velocity_x": 1.0644395886573101, "linear_velocity_y": 0.0, "linear_velocity_z": 0.0, "classification": 7}]}}
{"data": {"timestamp_sec": 57, "timestamp_ns": 9998725, "num_objects": 1, "is_map_frame": true, "objects": [{"x": 81417.74813235522, "y": 49905.07419062498, "z": 43.117897033691406, "orientation_x": 0.00404940260822906, "orientation_y": -0.005175517520887043, "orientation_z": 0.8005376167361049, "orientation_w": 0.5992464772924282, "linear_velocity_x": -0.0757793239161532, "linear_velocity_y": 0.0, "linear_velocity_z": 0.0, "classification": 2}]}}
{"data": {"timestamp_sec": 58, "timestamp_ns": 9998703, "num_objects": 3, "is_map_frame": true, "objects": [{"x": 81417.7399029312, "y": 49905.54389333506, "z": 43.19746780395508, "orientation_x": -0.0005357057500126437, "orientation_y": -0.0023809137028755066, "orientation_z": 0.8177231853385455, "orientation_w": 0.5756064944291993, "linear_velocity_x": 0.2268906316953608, "linear_velocity_y": 0.0, "linear_velocity_z": 0.0, "classification": 2}, {"x": 81379.33213914897, "y": 49923.40670735811, "z": 42.19788360595703, "orientation_x": -0.0057352539932520735, "orientation_y": -0.0021339471973522966, "orientation_z": 0.9953293864329542, "orientation_w": 0.09634295840377134, "linear_velocity_x": 0.672154875940138, "linear_velocity_y": 0.0, "linear_velocity_z": 0.0, "classification": 7}, {"x": 81413.42869652623, "y": 49908.95737402047, "z": 41.99030685424805, "orientation_x": -0.003803232378727188, "orientation_y": 0.00043510005381693995, "orientation_z": -0.5856277887063037, "orientation_w": 0.8105710574689805, "linear_velocity_x": -1.6576012592204943, "linear_velocity_y": 0.0, "linear_velocity_z": 0.0, "classification": 1}]}}
{"data": {"timestamp_sec": 59, "timestamp_ns": 9998681, "num_objects": 1, "is_map_frame": true, "objects": [{"x": 81417.78728399107, "y": 49905.50191374672, "z": 43.213539123535156, "orientation_x": -0.0006199399029591522, "orientation_y": 0.0050650310063068546, "orientation_z": 0.8168495610255504, "orientation_w": 0.5768281856738516, "linear_velocity_x": 0.09983295227492, "linear_velocity_y": 0.0, "linear_velocity_z": 0.0, "classification": 2}]}}
{"data": {"timestamp_sec": 60, "timestamp_ns": 19998658, "num_objects": 2, "is_map_frame": true, "objects": [{"x": 81417.75879290729, "y": 49905.50087266055, "z": 43.08221435546875, "orientation_x": -0.010890045683261768, "orientation_y": 0.0042237561153168615, "orientation_z": 0.8088723784365445, "orientation_w": 0.5878682183888686, "linear_velocity_x": 0.09031904518805377, "linear_velocity_y": 0.0, "linear_velocity_z": 0.0, "classification": 2}, {"x": 81413.76991157512, "y": 49907.90762120115, "z": 42.02348709106445, "orientation_x": -0.00741424889778384, "orientation_y": 0.0021137181533662543, "orientation_z": 0.8009063855145073, "orientation_w": 0.5987399458453874, "linear_velocity_x": 0.11866415715543788, "linear_velocity_y": 0.0, "linear_velocity_z": 0.0, "classification": 1}]}}
{"data": {"timestamp_sec": 61, "timestamp_ns": 9998636, "num_objects": 1, "is_map_frame": true, "objects": [{"x": 81417.77232543714, "y": 49905.80342927668, "z": 43.23912811279297, "orientation_x": -0.013429484294229627, "orientation_y": 0.008409674789409249, "orientation_z": 0.7923931805632778,