{"data": {"timestamp_sec": 44, "timestamp_ns": 69999014, "longitudinal_velocity": 0.0, "lateral_velocity": -0.0, "yaw_rate": -0.0}}
{"data": {"timestamp_sec": 45, "timestamp_ns": 29998993, "longitudinal_velocity": 0.0, "lateral_velocity": -0.0, "yaw_rate": -0.0}}
{"data": {"timestamp_sec": 46, "timestamp_ns": 29998971, "longitudinal_velocity": 0.0, "lateral_velocity": -0.0, "yaw_rate": -0.0}}
{"data": {"timestamp_sec": 47, "timestamp_ns": 29998948, "longitudinal_velocity": 0.0, "lateral_velocity": -0.0, "yaw_rate": -0.0}}
{"data": {"timestamp_sec": 48, "timestamp_ns": 29998926, "longitudinal_velocity": 0.0, "lateral_velocity": -0.0, "yaw_rate": -0.0}}
{"data": {"timestamp_sec": 49, "timestamp_ns": 29998904, "longitudinal_velocity": 0.0, "lateral_velocity": -0.0, "yaw_rate": -0.0}}
{"data": {"timestamp_sec": 50, "timestamp_ns": 29998881, "longitudinal_velocity": 0.0, "lateral_velocity": -0.0, "yaw_rate": -0.0}}
{"data": {"timestamp_sec": 51, "timestamp_ns": 29998859, "longitudinal_velocity": 0.0, "lateral_velocity": -0.0, "yaw_rate": -0.0}}
{"data": {"timestamp_sec": 52, "timestamp_ns": 29998837, "longitudinal_velocity": 0.05713135004043579, "lateral_velocity": -0.0009025502949953079, "yaw_rate": -0.001065264455974102}}
{"data": {"timestamp_sec": 53, "timestamp_ns": 29998814, "longitudinal_velocity": 0.4447430968284607, "lateral_velocity": -0.005957171320915222, "yaw_rate": -0.005805691238492727}}
{"data": {"timestamp_sec": 54, "timestamp_ns": 29998792, "longitudinal_velocity": 1.2377926111221313, "lateral_velocity": -0.02476048469543457, "yaw_rate": -0.02093244530260563}}
{"data": {"timestamp_sec": 55, "timestamp_ns": 29998769, "longitudinal_velocity": 2.160334825515747, "lateral_velocity": -0.02573108673095703, "yaw_rate": -0.020240023732185364}}
{"data": {"timestamp_sec": 56, "timestamp_ns": 29998747, "longitudinal_velocity": 3.1478452682495117, "lateral_velocity": -0.010953307151794434, "yaw_rate": -0.008788431994616985}}
{"data": {"timestamp_sec": 57, "timestamp_ns": 29998725, "longitudinal_velocity": 4.030919551849365, "lateral_velocity": 0.01901102066040039, "yaw_rate": 0.012996225617825985}}
{"data": {"timestamp_sec": 58, "timestamp_ns": 29998702, "longitudinal_velocity": 4.488870143890381, "lateral_velocity": -0.0007922649383544922, "yaw_rate": -0.001597896683961153}}
{"data": {"timestamp_sec": 59, "timestamp_ns": 29998680, "longitudinal_velocity": 4.051628112792969, "lateral_velocity": -0.018289566040039062, "yaw_rate": -0.01629854552447796}}
{"data": {"timestamp_sec": 60, "timestamp_ns": 29998658, "longitudinal_velocity": 3.3159213066101074, "lateral_velocity": 0.05052804946899414, "yaw_rate": 0.03941478207707405}}
{"data": {"timestamp_sec": 61, "timestamp_ns": 29998635, "longitudinal_velocity": 3.5714831352233887, "lateral_velocity": 0.13496017456054688, "yaw_rate": 0.11638014018535614}}
{"data": {"timestamp_sec": 62, "timestamp_ns": 29998613, "longitudinal_velocity": 4.157510757446289, "lateral_velocity": 0.24096667766571045, "yaw_rate": 0.2087385654449463}}
{"data": {"timestamp_sec": 63, "timestamp_ns": 29998591, "longitudinal_velocity": 4.337888717651367, "lateral_velocity": 0.25414180755615234, "yaw_rate": 0.22349247336387634}}
{"data": {"timestamp_sec": 64, "timestamp_ns": 29998568, "longitudinal_velocity": 4.402013778686523, "lateral_velocity": 0.26562362909317017, "yaw_rate": 0.23116238415241241}}
{"data": {"timestamp_sec": 65, "timestamp_ns": 29998546, "longitudinal_velocity": 4.214049816131592, "lateral_velocity": 0.2021844983100891, "yaw_rate": 0.17592841386795044}}
{"data": {"timestamp_sec": 66, "timestamp_ns": 29998524, "longitudinal_velocity": 0.31498995423316956, "lateral_velocity": 0.01923448219895363, "yaw_rate": 0.013049488887190819}}
{"data": {"timestamp_sec": 67, "timestamp_ns": 29998501, "longitudinal_velocity": 1.1202067136764526, "lateral_velocity": 0.057141393423080444, "yaw_rate": 0.045220475643873215}}
{"data": {"timestamp_sec": 68, "timestamp_ns": 29998479, "longitudinal_velocity": 1.9632271528244019, "lateral_velocity": 0.057369016110897064, "yaw_rate": 0.04639226570725441}}
{"data": {"timestamp_sec": 69, "timestamp_ns": 29998457, "longitudinal_velocity": 2.4911844730377197, "lateral_velocity": 0.02732899785041809, "yaw_rate": 0.020612867549061775}}
{"data": {"timestamp_sec": 70, "timestamp_ns": 29998434, "longitudinal_velocity": 2.7073564529418945, "lateral_velocity": 0.03567495942115784, "yaw_rate": 0.027217505499720573}}
{"data": {"timestamp_sec": 71, "timestamp_ns": 29998412, "longitudinal_velocity": 2.552666664123535, "lateral_velocity": 0.0567244291305542, "yaw_rate": 0.04884237423539162}}
{"data": {"timestamp_sec": 72, "timestamp_ns": 29998390, "longitudinal_velocity": 2.1179516315460205, "lateral_velocity": 0.02812209725379944, "yaw_rate": 0.02269013226032257}}
{"data": {"timestamp_sec": 73, "timestamp_ns": 29998367, "longitudinal_velocity": 1.752005696296692, "lateral_velocity": 0.07388442754745483, "yaw_rate": 0.061891864985227585}}
{"data": {"timestamp_sec": 74, "timestamp_ns": 29998345, "longitudinal_velocity": 1.5033698081970215, "lateral_velocity": -0.03980189561843872, "yaw_rate": -0.03520698845386505}}
{"data": {"timestamp_sec": 75, "timestamp_ns": 29998322, "longitudinal_velocity": 1.0861629247665405, "lateral_velocity": -0.0731617882847786, "yaw_rate": -0.06359628587961197}}
