{"data": {"timestamp_sec": 49, "timestamp_ns": 829998886, "steering_angle": -0.0}}
{"data": {"timestamp_sec": 50, "timestamp_ns": 29998881, "steering_angle": -0.0}}
{"data": {"timestamp_sec": 51, "timestamp_ns": 29998859, "steering_angle": -0.0}}
{"data": {"timestamp_sec": 52, "timestamp_ns": 29998837, "steering_angle": -0.0}}
{"data": {"timestamp_sec": 53, "timestamp_ns": 29998814, "steering_angle": -0.0}}
{"data": {"timestamp_sec": 54, "timestamp_ns": 29998792, "steering_angle": -0.0}}
{"data": {"timestamp_sec": 55, "timestamp_ns": 29998769, "steering_angle": 0.0}}
{"data": {"timestamp_sec": 56, "timestamp_ns": 29998747, "steering_angle": 0.0}}
{"data": {"timestamp_sec": 57, "timestamp_ns": 29998725, "steering_angle": -0.003614341141656041}}
{"data": {"timestamp_sec": 58, "timestamp_ns": 29998702, "steering_angle": -0.008140340447425842}}
{"data": {"timestamp_sec": 59, "timestamp_ns": 29998680, "steering_angle": -0.01568680629134178}}
{"data": {"timestamp_sec": 60, "timestamp_ns": 29998658, "steering_angle": -0.0009545309003442526}}
{"data": {"timestamp_sec": 61, "timestamp_ns": 29998635, "steering_angle": 0.006081626284867525}}
{"data": {"timestamp_sec": 62, "timestamp_ns": 29998613, "steering_angle": -0.028362827375531197}}
{"data": {"timestamp_sec": 63, "timestamp_ns": 29998591, "steering_angle": -0.0016247591702267528}}
{"data": {"timestamp_sec": 64, "timestamp_ns": 29998568, "steering_angle": -0.01389020774513483}}
{"data": {"timestamp_sec": 65, "timestamp_ns": 29998546, "steering_angle": 0.004297272302210331}}
{"data": {"timestamp_sec": 66, "timestamp_ns": 29998524, "steering_angle": 0.01771075464785099}}
{"data": {"timestamp_sec": 67, "timestamp_ns": 29998501, "steering_angle": 0.03706599399447441}}
{"data": {"timestamp_sec": 68, "timestamp_ns": 29998479, "steering_angle": 0.008670718409121037}}
{"data": {"timestamp_sec": 69, "timestamp_ns": 29998457, "steering_angle": 0.0022069327533245087}}
{"data": {"timestamp_sec": 70, "timestamp_ns": 29998434, "steering_angle": 0.001993209356442094}}
{"data": {"timestamp_sec": 71, "timestamp_ns": 29998412, "steering_angle": 0.0033105399925261736}}
{"data": {"timestamp_sec": 72, "timestamp_ns": 29998390, "steering_angle": -0.0019929069094359875}}
{"data": {"timestamp_sec": 73, "timestamp_ns": 29998367, "steering_angle": -0.009585616178810596}}
{"data": {"timestamp_sec": 74, "timestamp_ns": 29998345, "steering_angle": -0.003244818653911352}}
{"data": {"timestamp_sec": 75, "timestamp_ns": 29998322, "steering_angle": -0.0006229067221283913}}
{"data": {"timestamp_sec": 76, "timestamp_ns": 29998300, "steering_angle": -0.0038962976541370153}}
{"data": {"timestamp_sec": 77, "timestamp_ns": 29998278, "steering_angle": -0.011289157904684544}}
{"data": {"timestamp_sec": 78, "timestamp_ns": 29998255, "steering_angle": -0.014032075181603432}}
{"data": {"timestamp_sec": 79, "timestamp_ns": 29998233, "steering_angle": -0.0170192401856184}}
{"data": {"timestamp_sec": 80, "timestamp_ns": 29998211, "steering_angle": -0.01457869540899992}}
{"data": {"timestamp_sec": 81, "timestamp_ns": 29998188, "steering_angle": -0.012211894616484642}}
{"data": {"timestamp_sec": 82, "timestamp_ns": 29998166, "steering_angle": -0.011066310107707977}}
{"data": {"timestamp_sec": 83, "timestamp_ns": 29998144, "steering_angle": -0.011529350653290749}}
{"data": {"timestamp_sec": 84, "timestamp_ns": 29998121, "steering_angle": -0.015518886037170887}}
{"data": {"timestamp_sec": 85, "timestamp_ns": 29998099, "steering_angle": -0.016253545880317688}}
{"data": {"timestamp_sec": 86, "timestamp_ns": 29998077, "steering_angle": -0.013685955666005611}}
{"data": {"timestamp_sec": 87, "timestamp_ns": 29998054, "steering_angle": -0.013563040643930435}}
{"data": {"timestamp_sec": 88, "timestamp_ns": 29998032, "steering_angle": -0.01359022967517376}}
{"data": {"timestamp_sec": 89, "timestamp_ns": 29998010, "steering_angle": -0.013579405844211578}}
{"data": {"timestamp_sec": 90, "timestamp_ns": 29997987, "steering_angle": -0.013582564890384674}}
{"data": {"timestamp_sec": 91, "timestamp_ns": 29997965, "steering_angle": -0.013588930480182171}}
{"data": {"timestamp_sec": 92, "timestamp_ns": 29997942, "steering_angle": -0.013593458570539951}}
{"data": {"timestamp_sec": 93, "timestamp_ns": 29997920, "steering_angle": -0.013584079220890999}}
{"data": {"timestamp_sec": 94, "timestamp_ns": 29997898, "steering_angle": -0.013587038964033127}}
{"data": {"timestamp_sec": 95, "timestamp_ns": 29997875, "steering_angle": -0.013601656071841717}}
{"data": {"timestamp_sec": 96, "timestamp_ns": 29997853, "steering_angle": -0.013600808568298817}}
{"data": {"timestamp_sec": 97, "timestamp_ns": 29997831, "steering_angle": -0.0136005450040102}}
{"data": {"timestamp_sec": 98, "timestamp_ns": 29997808, "steering_angle": -0.013603705912828445}}
{"data": {"timestamp_sec": 99, "timestamp_ns": 29997786, "steering_angle": -0.013610715046525002}}
{"data": {"timestamp_sec": 100, "timestamp_ns": 29997764, "steering_angle": -0.013614245690405369}}
{"data": {"timestamp_sec": 101, "timestamp_ns": 29997741, "steering_angle": -0.013616404496133327}}
{"data": {"timestamp_sec": 102, "timestamp_ns": 29997719, "steering_angle": -0.013618428260087967}}
{"data": {"timestamp_sec": 103, "timestamp_ns": 29997697, "steering_angle": -0.013619421981275082}}
{"data": {"timestamp_sec": 104, "timestamp_ns": 29997674, "steering_angle": -0.013506990857422352}}
{"data": {"timestamp_sec": 105, "timestamp_ns": 29997652, "steering_angle": -0.013405557721853256}}
{"data": {"timestamp_sec": 106, "timestamp_ns": 29997630, "steering_angle": -0.013030707836151123}}
{"data": {"timestamp_sec": 107, "timestamp_ns": 29997607, "steering_angle": -0.014339032582938671}}
{"data": {"timestamp_sec": 108, "timestamp_ns": 29997585, "steering_angle": -0.014472253620624542}}
{"data": {"timestamp_sec": 109, "timestamp_ns": 29997562, "steering_angle": -0.013411695137619972}}
{"data": {"timestamp_sec": 110, "timestamp_ns": 29997540, "steering_angle": -0.012056192383170128}}
{"data": {"timestamp_sec": 111, "timestamp_ns": 29997518, "steering_angle": -0.01209548395127058}}
{"data": {"timestamp_sec": 112, "timestamp_ns": 29997495, "steering_angle": -0.012961440719664097}}
{"data": {"timestamp_sec": 113, "timestamp_ns": 29997473, "steering_angle": -0.011796707287430763}}
{"data": {"timestamp_sec": 114, "timestamp_ns": 29997451, "steering_angle": -0.00560002913698554}}
{"data": {"timestamp_sec": 115, "timestamp_ns": 29997428, "steering_angle": -0.0015827505849301815}}
{"data": {"timestamp_sec": 116, "timestamp_ns": 29997406, "steering_angle": 0.0003607540566008538}}
{"data": {"timestamp_sec": 117, "timestamp_ns": 29997384, "steering_angle": 0.00047853979049250484}}
{"data": {"timestamp_sec": 118, "timestamp_ns": 29997361, "steering_angle": 0.0006970179965719581}}
{"data": {"timestamp_sec": 119, "timestamp_ns": 29997339, "steering_angle": 0.001365774660371244}}
{"data": {"timestamp_sec": 120, "timestamp_ns": 29997317, "steering_angle": 0.0003510187962092459}}
{"data": {"timestamp_sec": 121, "timestamp_ns": 29997294, "steering_angle": 0.0002874697674997151}}
{"data": {"timestamp_sec": 122, "timestamp_ns": 29997272, "steering_angle": 7.285405445145443e-05}}
{"data": {"timestamp_sec": 123, "timestamp_ns": 29997250, "steering_angle": -0.000733723514713347}}
{"data": {"timestamp_sec": 124, "timestamp_ns": 29997227, "steering_angle": -0.0004372122639324516}}
{"data": {"timestamp_sec": 125, "timestamp_ns": 29997205, "steering_angle": -0.000938416866119951}}
{"data": {"timestamp_sec": 126, "timestamp_ns": 29997183, "steering_angle": 0.00022767014161217958}}
{"data": {"timestamp_sec": 127, "timestamp_ns": 29997160, "steering_angle": 0.0030294631142169237}}
{"data": {"timestamp_sec": 128, "timestamp_ns": 29997138, "steering_angle": 0.012914923019707203}}
{"data": {"timestamp_sec": 129, "timestamp_ns": 29997115, "steering_angle": 0.004097786266356707}}
{"data": {"timestamp_sec": 130, "timestamp_ns": 29997093,