{"data": {"timestamp_sec": 168, "timestamp_ns": 509996233, "num_objects": 1, "is_map_frame": true, "objects": [{"x": 81460.80609161196, "y": 49973.522448079704, "z": 42.597450256347656, "orientation_x": 0.0016688852020969639, "orientation_y": 0.0046590123487917105, "orientation_z": 0.302124804918859, "orientation_w": 0.953255532729214, "linear_velocity_x": 7.913492770151675e-05, "linear_velocity_y": 0.0, "linear_velocity_z": 0.0, "classification": 1}]}}
{"data": {"timestamp_sec": 169, "timestamp_ns": 19996222, "num_objects": 1, "is_map_frame": true, "objects": [{"x": 81460.80533600628, "y": 49973.523003689465, "z": 42.59745788574219, "orientation_x": 0.0016906420639178795, "orientation_y": 0.004658196360749012, "orientation_z": 0.3025660566786565, "orientation_w": 0.9531155356419306, "linear_velocity_x": 0.0005407897629827879, "linear_velocity_y": 0.0, "linear_velocity_z": 0.0, "classification": 1}]}}
{"data": {"timestamp_sec": 170, "timestamp_ns": 9996199, "num_objects": 1, "is_map_frame": true, "objects": [{"x": 81460.80094147581, "y": 49973.52036093789, "z": 42.59680938720703, "orientation_x": 0.0016810384871322475, "orientation_y": 0.004672971838174312, "orientation_z": 0.3017657022280418, "orientation_w": 0.9533691826373564, "linear_velocity_x": -0.00327978382810232, "linear_velocity_y": 0.0, "linear_velocity_z": 0.0, "classification": 1}]}}
{"data": {"timestamp_sec": 171, "timestamp_ns": 9996177, "num_objects": 1, "is_map_frame": true, "objects": [{"x": 81460.80358390132, "y": 49973.52699758821, "z": 42.59758377075195, "orientation_x": 0.001712690681029659, "orientation_y": 0.004670063338066574, "orientation_z": 0.3020870673540708, "orientation_w": 0.9532673606792939, "linear_velocity_x": 0.003436584623787014, "linear_velocity_y": 0.0, "linear_velocity_z": 0.0, "classification": 1}]}}
{"data": {"timestamp_sec": 172, "timestamp_ns": 9996155, "num_objects": 1, "is_map_frame": true, "objects": [{"x": 81460.8023647259, "y": 49973.530073302005, "z": 42.596214294433594, "orientation_x": 0.0017242601322270939, "orientation_y": 0.004681185456666372, "orientation_z": 0.30259226107530696, "orientation_w": 0.953107043813574, "linear_velocity_x": -0.0017718727983051562, "linear_velocity_y": 0.0, "linear_velocity_z": 0.0, "classification": 1}]}}
{"data": {"timestamp_sec": 173, "timestamp_ns": 9996132, "num_objects": 1, "is_map_frame": true, "objects": [{"x": 81460.80578205627, "y": 49973.524780781496, "z": 42.59638214111328, "orientation_x": 0.0017515127842185653, "orientation_y": 0.004678249655306142, "orientation_z": 0.3025867862058053, "orientation_w": 0.9531087466793974, "linear_velocity_x": 0.00024189410838163384, "linear_velocity_y": 0.0, "linear_velocity_z": 0.0, "classification": 1}]}}
{"data": {"timestamp_sec": 174, "timestamp_ns": 9996110, "num_objects": 1, "is_map_frame": true, "objects": [{"x": 81460.80177202403, "y": 49973.52252066045, "z": 42.59980773925781, "orientation_x": 0.0017455897023280385, "orientation_y": 0.004682093836070641, "orientation_z": 0.3019090572783812, "orientation_w": 0.9533236344742432, "linear_velocity_x": -0.0013247030333456609, "linear_velocity_y": 0.0, "linear_velocity_z": 0.0, "classification": 1}]}}
{"data": {"timestamp_sec": 175, "timestamp_ns": 9996088, "num_objects": 1, "is_map_frame": true, "objects": [{"x": 81460.80567583175, "y": 49973.51983271668, "z": 42.60125732421875, "orientation_x": 0.0017325277346099662, "orientation_y": 0.004949754948669997, "orientation_z": 0.30264294490668764, "orientation_w": 0.9530895793008151, "linear_velocity_x": 0.001142272919117047, "linear_velocity_y": 0.0, "linear_velocity_z": 0.0, "classification": 1}]}}
{"data": {"timestamp_sec": 176, "timestamp_ns": 9996065, "num_objects": 1, "is_map_frame": true, "objects": [{"x": 81460.85739585616, "y": 49973.6092492306, "z": 42.614837646484375, "orientation_x": 0.0016772059850078127, "orientation_y": 0.005286325594233474, "orientation_z": 0.2999884677916611, "orientation_w": 0.9539267062693061, "linear_velocity_x": 0.05811498816664873, "linear_velocity_y": 0.0, "linear_velocity_z": 0.0, "classification": 1}]}}
{"data": {"timestamp_sec": 177, "timestamp_ns": 9996043, "num_objects": 1, "is_map_frame": true, "objects": [{"x": 81461.00295847529, "y": 49973.76655881022, "z": 42.628173828125, "orientation_x": 0.0015418105271699637, "orientation_y": 0.005328130128712453, "orientation_z": 0.30200113478651414, "orientation_w": 0.9532914289121074, "linear_velocity_x": 0.15658848233182854, "linear_velocity_y": 0.0, "linear_velocity_z": 0.0, "classification": 1}]}}
{"data": {"timestamp_sec": 178, "timestamp_ns": 9996021, "num_objects": 1, "is_map_frame": true, "objects": [{"x": 81460.82547842531, "y": 49973.66058395302, "z": 42.657779693603516, "orientation_x": 0.0012416541519458145, "orientation_y": 0.005138147303269148, "orientation_z": 0.2956401265209519, "orientation_w": 0.9552847603348085, "linear_velocity_x": -0.02672804686460352, "linear_velocity_y": 0.0, "linear_velocity_z": 0.0, "classification": 1}]}}
{"data": {"timestamp_sec": 179, "timestamp_ns": 9995998, "num_objects": 1, "is_map_frame": true, "objects": [{"x": 81461.65291562618, "y": 49974.32510405604, "z": 42.65973663330078, "orientation_x": 0.0015291624168342545, "orientation_y": 0.004314130117301694, "orientation_z": 0.2784046653604458, "orientation_w": 0.9604529620180117, "linear_velocity_x": 0.7742749555975768, "linear_velocity_y": 0.0, "linear_velocity_z": 0.0, "classification": 1}]}}
{"data": {"timestamp_sec": 180, "timestamp_ns": 9995976, "num_objects": 1, "is_map_frame": true, "objects": [{"x": 81465.18094223419, "y": 49976.45634970358, "z": 42.66502380371094, "orientation_x": -0.004012613146257424, "orientation_y": -0.004957799866176572, "orientation_z": 0.2745934398458411, "orientation_w": 0.9615392669828174, "linear_velocity_x": 2.887188495698557, "linear_velocity_y": 0.0, "linear_velocity_z": 0.0, "classification": 1}]}}
{"data": {"timestamp_sec": 181, "timestamp_ns": 9995954, "num_objects": 1, "is_map_frame": true, "objects": [{"x": 81468.60221005706, "y": 49978.40423225053, "z": 42.69778823852539, "orientation_x": 0.005890944063535977, "orientation_y": 0.004369708306164126, "orientation_z": 0.2586967510842258, "orientation_w": 0.9659307394455491, "linear_velocity_x": 3.4283140948645214, "linear_velocity_y": 0.0, "linear_velocity_z": 0.0, "classification": 1}]}}
{"data": {"timestamp_sec": 182, "timestamp_ns": 9995931, "num_objects": 1, "is_map_frame": true, "objects": [{"x": 81477.58228795053, "y": 49984.414317521936, "z": 42.830345153808594, "orientation_x": 0.004469586239378336, "orientation_y": -0.008474205105033801, "orientation_z": -0.9579871690162144, "orientation_w": 0.2866509979870748, "linear_velocity_x": -6.577511880735088, "linear_velocity_y": 0.0, "linear_velocity_z": 0.0, "classification": 2}]}}
{"data": {"timestamp_sec": 183, "timestamp_ns": 9995909, "num_objects": 1, "is_map_frame": true, "objects": [{"x": 81491.2578453542, "y": 49992.802939208465, "z": 42.984275817871094, "orientation_x": -0.008393678271766644, "orientation_y": -0.004492907160232049, "orientation_z": 0.2704003769705939, "orientation_w": 0.9627008860931211, "linear_velocity_x": 9.695982292491344, "linear_velocity_y": 0.0, "linear_velocity_z": 0.0, "classification": 1}]}}
{"data": {"timestamp_sec": 184, "timestamp_ns": 9995887, "num_objects": 1, "is_map_frame": true, "objects": [{"x": 81505.95693165764, "y": 49999.18322031413, "z": 43.03113555908203, "orientation_x": -0.008316488579129817, "orientation_y": -0.004233516054207169, "orientation_z": 0.17450030591869517, "orientation_w": 0.9846128968248457, "linear_velocity_x": 14.345231683851255, "linear_velocity_y": 0.0, "linear_velocity_z": 0.0, "classification": 1}]}}
{"data": {"timestamp_sec": 185, "timestamp_ns": 9995864, "num_objects": 1, "is_map_frame": true, "objects": [{"x": 81518.46174901315, "y": 50004.11910675894, "z": 43.05839920043945, "orientation_x": -0.008673623409957977, "orientation_y": -0.002548137766522152,