{"data": {"timestamp_sec": 168, "timestamp_ns": 509996233, "position": {"x": 81466.69540392736, "y": 49977.837306430505, "z": 41.82604179062928}, "orientation": {"x": -0.0016752183202734816, "y": -0.004662461827301631, "z": 0.3008727036539636, "w": 0.9536514411928724}}}
{"data": {"timestamp_sec": 169, "timestamp_ns": 29996221, "position": {"x": 81466.69515710264, "y": 49977.83711809522, "z": 41.82580205984729}, "orientation": {"x": -0.0016834344399628207, "y": -0.004664468898863944, "z": 0.3008738971948097, "w": 0.9536510403523845}}}
{"data": {"timestamp_sec": 170, "timestamp_ns": 9996199, "position": {"x": 81466.69490482997, "y": 49977.836911636965, "z": 41.82587802968483}, "orientation": {"x": -0.001694489013921794, "y": -0.00466904823036823, "z": 0.3008733614582326, "w": 0.9536511673879647}}}
{"data": {"timestamp_sec": 171, "timestamp_ns": 9996177, "position": {"x": 81466.6948103416, "y": 49977.83681763953, "z": 41.826061897048376}, "orientation": {"x": -0.0017120232762430079, "y": -0.004673041855338819, "z": 0.30087003627404013, "w": 0.9536521655868966}}}
{"data": {"timestamp_sec": 172, "timestamp_ns": 19996155, "position": {"x": 81466.69477708293, "y": 49977.83676615932, "z": 41.82630737193238}, "orientation": {"x": -0.0017267808022305383, "y": -0.004681413734717229, "z": 0.30086964696490986, "w": 0.9536522207433462}}}
{"data": {"timestamp_sec": 173, "timestamp_ns": 19996132, "position": {"x": 81466.69477132654, "y": 49977.83673673173, "z": 41.82610244031691}, "orientation": {"x": -0.0017322304250831954, "y": -0.0046872418188031555, "z": 0.30086514871417863, "w": 0.9536536013831656}}}
{"data": {"timestamp_sec": 174, "timestamp_ns": 9996110, "position": {"x": 81466.69710298929, "y": 49977.83830889297, "z": 41.826776442348006}, "orientation": {"x": -0.0017384272352008576, "y": -0.00468428136335965, "z": 0.3008707924139817, "w": 0.9536518241219063}}}
{"data": {"timestamp_sec": 175, "timestamp_ns": 19996087, "position": {"x": 81466.72314055849, "y": 49977.856432640976, "z": 41.830350303094}, "orientation": {"x": -0.0016535039866060486, "y": -0.0050579300191186125, "z": 0.3005760578827018, "w": 0.9537430034847872}}}
{"data": {"timestamp_sec": 176, "timestamp_ns": 9996065, "position": {"x": 81467.00194348184, "y": 49978.050106247596, "z": 41.834532515377354}, "orientation": {"x": -0.0016491270379355718, "y": -0.005423058919615051, "z": 0.2978842989400408, "w": 0.9545851534865644}}}
{"data": {"timestamp_sec": 177, "timestamp_ns": 9996043, "position": {"x": 81467.87639254656, "y": 49978.651343238365, "z": 41.8431787260185}, "orientation": {"x": -0.001586776224095574, "y": -0.005273588941221805, "z": 0.2974796502497711, "w": 0.9547122755512089}}}
{"data": {"timestamp_sec": 178, "timestamp_ns": 19996020, "position": {"x": 81469.41558283153, "y": 49979.76611731746, "z": 41.85304828890861}, "orientation": {"x": -0.001324523423151677, "y": -0.004931495725312259, "z": 0.32551462497740635, "w": 0.9455232175432983}}}
{"data": {"timestamp_sec": 179, "timestamp_ns": 9995998, "position": {"x": 81471.43521277187, "y": 49981.58854232827, "z": 41.87072724121013}, "orientation": {"x": -0.0023504170146207756, "y": -0.00396476303221038, "z": 0.3871807453867593, "w": 0.9219923137400382}}}
{"data": {"timestamp_sec": 180, "timestamp_ns": 19995976, "position": {"x": 81473.67361144308, "y": 49984.02232708516, "z": 41.88500456314066}, "orientation": {"x": -0.005778092063601763, "y": -0.0039962188550475486, "z": 0.4076234164516166, "w": 0.9131230991751764}}}
{"data": {"timestamp_sec": 181, "timestamp_ns": 9995954, "position": {"x": 81476.09633761676, "y": 49986.53015219207, "z": 41.892655793807116}, "orientation": {"x": -0.008392447938619582, "y": -0.004098811433162617, "z": 0.36880615709724696, "w": 0.9294594047345982}}}
{"data": {"timestamp_sec": 182, "timestamp_ns": 19995931, "position": {"x": 81478.58016234628, "y": 49988.625770509585, "z": 41.901693303009175}, "orientation": {"x": -0.008834478044911649, "y": -0.004035459100300354, "z": 0.3203252121232632, "w": 0.9472578453334182}}}
{"data": {"timestamp_sec": 183, "timestamp_ns": 19995909, "position": {"x": 81480.8889622025, "y": 49990.26144470537, "z": 41.90591627223828}, "orientation": {"x": -0.008691374192916946, "y": -0.003902884216900892, "z": 0.2888856182222785, "w": 0.9573162106084698}}}
{"data": {"timestamp_sec": 184, "timestamp_ns": 19995886, "position": {"x": 81482.81652999682, "y": 49991.49972275814, "z": 41.91774461083906}, "orientation": {"x": -0.008554211896970575, "y": -0.0032973285032482495, "z": 0.27461254992662554, "w": 0.9615112586477393}}}
{"data": {"timestamp_sec": 185, "timestamp_ns": 9995864, "position": {"x": 81483.80155507295, "y": 49992.11442802746, "z": 41.920170733164085}, "orientation": {"x": -0.008480669900198981, "y": -0.00328932428213375, "z": 0.27536418728155565, "w": 0.9612969483705747}}}
{"data": {"timestamp_sec": 186, "timestamp_ns": 9995842, "position": {"x": 81484.51927887042, "y": 49992.55741729901, "z": 41.91983697164491}, "orientation": {"x": -0.008434771759155493, "y": -0.0034744409598954844, "z": 0.2730489312134605, "w": 0.9619568930303343}}}
{"data": {"timestamp_sec": 187, "timestamp_ns": 9995820, "position": {"x": 81485.16135880638, "y": 49992.95264869859, "z": 41.91816069111152}, "orientation": {"x": -0.008554820700117895, "y": -0.003521076271140183, "z": 0.26630345106589226, "w": 0.963844846961936}}}
{"data": {"timestamp_sec": 188, "timestamp_ns": 9995797, "position": {"x": 81485.82074553061, "y": 49993.33666600365, "z": 41.921336207707995}, "orientation": {"x": -0.008692752835417001, "y": -0.0032721184065843097, "z": 0.2532997848929656, "w": 0.9673432422167703}}}
{"data": {"timestamp_sec": 189, "timestamp_ns": 19995775, "position": {"x": 81486.35654873363, "y": 49993.62572853676, "z": 41.927742306441694}, "orientation": {"x": -0.008628198814715654, "y": -0.0031150869879510374, "z": 0.23527018775893827, "w": 0.9718867162227012}}}
{"data": {"timestamp_sec": 190, "timestamp_ns": 29995752, "position": {"x": 81486.62057210397, "y": 49993.755561648926, "z": 41.92725037643029}, "orientation": {"x": -0.008471307279958443, "y": -0.003012158695744319, "z": 0.22192860993365127, "w": 0.9750214643513637}}}
{"data": {"timestamp_sec": 191, "timestamp_ns": 29995730, "position": {"x": 81486.63226475895, "y": 49993.7627411097, "z": 41.926853472679866}, "orientation": {"x": -0.00841622076459037, "y": -0.003096448733543881, "z": 0.22130204794155173, "w": 0.9751640799425282}}}
{"data": {"timestamp_sec": 192, "timestamp_ns": 29995707, "position": {"x": 81486.62983316662, "y": 49993.762843772296, "z": 41.92691658925183}, "orientation": {"x": -0.008410420222496173, "y": -0.0031200187693441366, "z": 0.22132650740530527, "w": 0.9751585037491747}}}
