{"data": {"timestamp_sec": 57, "timestamp_ns": 219998721, "position": {"x": 81377.35158018234, "y": 49916.90322535765, "z": 41.210314199047616}, "orientation": {"x": 0.0008252568679439529, "y": -0.005195091985116469, "z": 0.30059689207871093, "w": 0.9537367762873508}}}
{"data": {"timestamp_sec": 58, "timestamp_ns": 9998703, "position": {"x": 81377.35141374561, "y": 49916.903093165325, "z": 41.21035221186336}, "orientation": {"x": 0.0008383264379962916, "y": -0.005192123280132314, "z": 0.30059595696697533, "w": 0.953737075781232}}}
{"data": {"timestamp_sec": 59, "timestamp_ns": 19998680, "position": {"x": 81377.35127740662, "y": 49916.90297061414, "z": 41.210225132155735}, "orientation": {"x": 0.0008262910040976381, "y": -0.0051973292389034765, "z": 0.3005972333274466, "w": 0.9537366556486354}}}
{"data": {"timestamp_sec": 60, "timestamp_ns": 9998658, "position": {"x": 81377.3514110601, "y": 49916.90306225836, "z": 41.21040843107777}, "orientation": {"x": 0.0008407306451683064, "y": -0.005194547619755987, "z": 0.30059719047541006, "w": 0.9537366716894651}}}
{"data": {"timestamp_sec": 61, "timestamp_ns": 9998636, "position": {"x": 81377.35128815915, "y": 49916.90295305184, "z": 41.2103547225538}, "orientation": {"x": 0.0008456492940448173, "y": -0.005196535472266295, "z": 0.3005990184715373, "w": 0.9537360803651634}}}
{"data": {"timestamp_sec": 62, "timestamp_ns": 19998613, "position": {"x": 81377.3513347637, "y": 49916.902972365795, "z": 41.210331241844244}, "orientation": {"x": 0.0008455233784871734, "y": -0.005196255010089182, "z": 0.3005991291804795, "w": 0.9537360471115809}}}
{"data": {"timestamp_sec": 63, "timestamp_ns": 9998591, "position": {"x": 81377.35420637278, "y": 49916.904959424035, "z": 41.201808680913544}, "orientation": {"x": 0.0005445396745800714, "y": -0.005630286296123783, "z": 0.30056134643351756, "w": 0.9537457105449216}}}
{"data": {"timestamp_sec": 64, "timestamp_ns": 9998569, "position": {"x": 81377.51054737714, "y": 49917.0142610658, "z": 41.18005931597078}, "orientation": {"x": 0.0003661439479995341, "y": -0.008349829675161402, "z": 0.30024706250921657, "w": 0.9538248517089454}}}
{"data": {"timestamp_sec": 65, "timestamp_ns": 19998546, "position": {"x": 81378.01107843354, "y": 49917.363335292095, "z": 41.19393161022843}, "orientation": {"x": 0.0011904197663675663, "y": -0.007419197513674127, "z": 0.2990825808121033, "w": 0.9541976463310966}}}
{"data": {"timestamp_sec": 66, "timestamp_ns": 29998524, "position": {"x": 81378.76973307118, "y": 49917.890411088774, "z": 41.20991188339954}, "orientation": {"x": 0.001649855471942704, "y": -0.005871512354043601, "z": 0.29718476808347516, "w": 0.9548005115932694}}}
{"data": {"timestamp_sec": 67, "timestamp_ns": 9998502, "position": {"x": 81379.55913927488, "y": 49918.432979147285, "z": 41.22439481936465}, "orientation": {"x": 0.001950006931297443, "y": -0.004467509549005263, "z": 0.29506849245053574, "w": 0.9554636694267165}}}
{"data": {"timestamp_sec": 68, "timestamp_ns": 9998479, "position": {"x": 81380.42188428715, "y": 49919.02276010295, "z": 41.229845740538046}, "orientation": {"x": 0.0034755698520171825, "y": -0.0036468427615927042, "z": 0.29333169801704057, "w": 0.955997456006299}}}
{"data": {"timestamp_sec": 69, "timestamp_ns": 19998457, "position": {"x": 81381.6408523236, "y": 49919.84873917281, "z": 41.244796611846716}, "orientation": {"x": 0.005315810305123281, "y": -0.0021411322439996118, "z": 0.2907522217554865, "w": 0.9567812201636078}}}
{"data": {"timestamp_sec": 70, "timestamp_ns": 19998434, "position": {"x": 81383.10911781531, "y": 49920.8169316353, "z": 41.2552972345324}, "orientation": {"x": 0.005045749527038081, "y": -0.0014238889668296275, "z": 0.28754381004600343, "w": 0.9577531363854405}}}
{"data": {"timestamp_sec": 71, "timestamp_ns": 9998412, "position": {"x": 81384.55123943056, "y": 49921.762070489036, "z": 41.26720217853198}, "orientation": {"x": 0.005052687644659838, "y": -0.0019906441171837746, "z": 0.28566193124754374, "w": 0.9583150675636317}}}
{"data": {"timestamp_sec": 72, "timestamp_ns": 19998390, "position": {"x": 81385.68115001413, "y": 49922.49305128329, "z": 41.280039814461354}, "orientation": {"x": 0.003772584164335852, "y": -0.0038632666876497693, "z": 0.2846021197291694, "w": 0.9586305212254023}}}
{"data": {"timestamp_sec": 73, "timestamp_ns": 9998368, "position": {"x": 81386.45960044503, "y": 49922.99807967024, "z": 41.29110880198339}, "orientation": {"x": 0.002440704110486246, "y": -0.0023489650896841375, "z": 0.28451352400806373, "w": 0.9586660419473331}}}
{"data": {"timestamp_sec": 74, "timestamp_ns": 19998345, "position": {"x": 81386.85070271602, "y": 49923.25204334253, "z": 41.2989888076969}, "orientation": {"x": 0.0006462487737232344, "y": -0.001122351456235044, "z": 0.2844929076607858, "w": 0.9586772700864681}}}
{"data": {"timestamp_sec": 75, "timestamp_ns": 9998323, "position": {"x": 81386.92926277278, "y": 49923.30054941256, "z": 41.30233257291606}, "orientation": {"x": 0.00019423798848576643, "y": -0.0005085215666776513, "z": 0.28440409523244686, "w": 0.9587043414381897}}}
{"data": {"timestamp_sec": 76, "timestamp_ns": 9998301, "position": {"x": 81386.92298923263, "y": 49923.29527543336, "z": 41.302910302689675}, "orientation": {"x": 2.642636767844049e-05, "y": -0.00045564650656265855, "z": 0.284432825647136, "w": 0.9586958638600118}}}
{"data": {"timestamp_sec": 77, "timestamp_ns": 9998278, "position": {"x": 81386.91770584624, "y": 49923.29129895758, "z": 41.30318094116822}, "orientation": {"x": 3.20003871706998e-05, "y": -0.00044728472169230357, "z": 0.28446856286227634, "w": 0.9586852641276093}}}
{"data": {"timestamp_sec": 78, "timestamp_ns": 9998256, "position": {"x": 81386.91487510731, "y": 49923.28995217636, "z": 41.30262054538166}, "orientation": {"x": 8.438457310405549e-05, "y": -0.00044351624209795857, "z": 0.28451190908535967, "w": 0.9586723996033216}}}
{"data": {"timestamp_sec": 79, "timestamp_ns": 9998233, "position": {"x": 81386.9146607739, "y": 49923.28991252757, "z": 41.30268881632642}, "orientation": {"x": 0.00012816694891531338, "y": -0.0004210263960143155, "z": 0.28452394135957265, "w": 0.9586688339062772}}}
{"data": {"timestamp_sec": 80, "timestamp_ns": 29998211, "position": {"x": 81386.91432431313, "y": 49923.28972865184, "z": 41.30260312045528}, "orientation": {"x": 8.991458943354393e-05, "y": -0.0004416633346265924, "z": 0.2845213029918735, "w": 0.9586696120106614}}}
{"data": {"timestamp_sec": 81, "timestamp_ns": 19998189, "position": {"x": 81386.91206546544, "y": 49923.28879025563, "z": 41.302583015489645}, "orientation": {"x": 0.00011168915993516743, "y": -0.00043623979474832514, "z": 0.28453987988232005, "w": 0.9586640986168867}}}
{"data": {"timestamp_sec": 82, "timestamp_ns": 19998166, "position": {"x": 81386.9130216122, "y": 49923.28931878396, "z": 41.30187636051228}, "orientation": {"x": 5.5438546685080214e-05, "y": -0.00046336414229155025, "z": 0.28454780389044637, "w": 0.9586617388429368}}}
{"data": {"timestamp_sec": 83, "timestamp_ns": 19998144, "position": {"x": 81386.91302280218, "y": 49923.28911440125, "z": 41.30243902976708}, "orientation": {"x": 8.80777804516041e-05, "y": -0.0004444619058081943, "z": 0.2845354099724754, "w": 0.9586654239971912}}}
{"data": {"timestamp_sec": 84, "timestamp_ns": 9998122, "position": {"x": 81386.91367999458, "y": 49923.28954955144, "z": 41.30346298058723}, "orientation": {"x": 0.00021568411567122602, "y": -0.00038693415014896034, "z": 0.28453693011659587, "w": 0.9586649775401985}}}
{"data": {"timestamp_sec": 85, "timestamp_ns": 9998099, "position": {"x": 81386.91436580138, "y": 49923.29024288568, "z": 41.302918465385794}, "orientation": {"x": 0.00017983158760279756, "y": -0.0003895160283148274, "z": 0.2845868130297955, "w": 0.9586501769610268}}}
{"data": {"timestamp_sec": 86, "timestamp_ns": 9998077, "position": {"x": 81386.91591898615, "y": 49923.29171927627, "z": 41.30271708759151}, "orientation": {"x": 0.00019892753170061125, "y": -0.00039924625940987766,