{"data": {"timestamp_sec": 61, "timestamp_ns": 29998635, "steering_angle": -0.0}}
{"data": {"timestamp_sec": 62, "timestamp_ns": 29998613, "steering_angle": -0.0}}
{"data": {"timestamp_sec": 63, "timestamp_ns": 29998591, "steering_angle": -0.0}}
{"data": {"timestamp_sec": 64, "timestamp_ns": 29998568, "steering_angle": -0.0}}
{"data": {"timestamp_sec": 65, "timestamp_ns": 29998546, "steering_angle": -0.0}}
{"data": {"timestamp_sec": 66, "timestamp_ns": 29998524, "steering_angle": 0.0}}
{"data": {"timestamp_sec": 67, "timestamp_ns": 29998501, "steering_angle": -0.0037587331607937813}}
{"data": {"timestamp_sec": 68, "timestamp_ns": 29998479, "steering_angle": -0.009362556971609592}}
{"data": {"timestamp_sec": 69, "timestamp_ns": 29998457, "steering_angle": -0.0129852918908}}
{"data": {"timestamp_sec": 70, "timestamp_ns": 29998434, "steering_angle": -0.0136235561221838}}
{"data": {"timestamp_sec": 71, "timestamp_ns": 29998412, "steering_angle": -0.011419577524065971}}
{"data": {"timestamp_sec": 72, "timestamp_ns": 29998390, "steering_angle": -0.010119711048901081}}
{"data": {"timestamp_sec": 73, "timestamp_ns": 29998367, "steering_angle": -0.006317480001598597}}
{"data": {"timestamp_sec": 74, "timestamp_ns": 29998345, "steering_angle": -0.007265930529683828}}
{"data": {"timestamp_sec": 75, "timestamp_ns": 29998322, "steering_angle": -0.004743340890854597}}
{"data": {"timestamp_sec": 76, "timestamp_ns": 29998300, "steering_angle": -0.0026230914518237114}}
{"data": {"timestamp_sec": 77, "timestamp_ns": 29998278, "steering_angle": -0.0009935139678418636}}
{"data": {"timestamp_sec": 78, "timestamp_ns": 29998255, "steering_angle": -6.06746252742596e-05}}
{"data": {"timestamp_sec": 79, "timestamp_ns": 29998233, "steering_angle": 1.6935713276211573e-08}}
{"data": {"timestamp_sec": 80, "timestamp_ns": 29998211, "steering_angle": -0.0002090679481625557}}
{"data": {"timestamp_sec": 81, "timestamp_ns": 29998188, "steering_angle": -0.00018184138752985746}}
{"data": {"timestamp_sec": 82, "timestamp_ns": 29998166, "steering_angle": -0.00016514390881638974}}
{"data": {"timestamp_sec": 83, "timestamp_ns": 29998144, "steering_angle": -0.0001618327369214967}}
{"data": {"timestamp_sec": 84, "timestamp_ns": 29998121, "steering_angle": -0.00015866108878981322}}
{"data": {"timestamp_sec": 85, "timestamp_ns": 29998099, "steering_angle": -0.0001561712851980701}}
{"data": {"timestamp_sec": 86, "timestamp_ns": 29998077, "steering_angle": -0.00015580127364955842}}
{"data": {"timestamp_sec": 87, "timestamp_ns": 29998054, "steering_angle": -0.0001554765913169831}}
{"data": {"timestamp_sec": 88, "timestamp_ns": 29998032, "steering_angle": -0.00015609260299243033}}
{"data": {"timestamp_sec": 89, "timestamp_ns": 29998010, "steering_angle": -0.0001565217535244301}}
{"data": {"timestamp_sec": 90, "timestamp_ns": 29997987, "steering_angle": -0.00016117244376800954}}
{"data": {"timestamp_sec": 91, "timestamp_ns": 29997965, "steering_angle": -0.00016344268806278706}}
{"data": {"timestamp_sec": 92, "timestamp_ns": 29997942, "steering_angle": -0.00016210244211833924}}
{"data": {"timestamp_sec": 93, "timestamp_ns": 29997920, "steering_angle": -0.00015802639245521277}}
{"data": {"timestamp_sec": 94, "timestamp_ns": 29997898, "steering_angle": -0.00015571583935525268}}
{"data": {"timestamp_sec": 95, "timestamp_ns": 29997875, "steering_angle": -0.00015652002184651792}}
{"data": {"timestamp_sec": 96, "timestamp_ns": 29997853, "steering_angle": -0.00015455015818588436}}
{"data": {"timestamp_sec": 97, "timestamp_ns": 29997831, "steering_angle": -0.000152642882312648}}
{"data": {"timestamp_sec": 98, "timestamp_ns": 29997808, "steering_angle": -0.00014884097618050873}}
{"data": {"timestamp_sec": 99, "timestamp_ns": 29997786, "steering_angle": -0.00014612235827371478}}
{"data": {"timestamp_sec": 100, "timestamp_ns": 29997764, "steering_angle": -0.00014336948515847325}}
{"data": {"timestamp_sec": 101, "timestamp_ns": 29997741, "steering_angle": -0.0001409456308465451}}
{"data": {"timestamp_sec": 102, "timestamp_ns": 29997719, "steering_angle": -0.00013883320207241923}}
{"data": {"timestamp_sec": 103, "timestamp_ns": 29997697, "steering_angle": -0.00013822666369378567}}
{"data": {"timestamp_sec": 104, "timestamp_ns": 29997674, "steering_angle": -0.00013667810708284378}}
{"data": {"timestamp_sec": 105, "timestamp_ns": 29997652, "steering_angle": 0.0015995641006156802}}
{"data": {"timestamp_sec": 106, "timestamp_ns": 29997630, "steering_angle": 0.0017969603650271893}}
{"data": {"timestamp_sec": 107, "timestamp_ns": 29997607, "steering_angle": 0.0049782986752688885}}
{"data": {"timestamp_sec": 108, "timestamp_ns": 29997585, "steering_angle": 0.007015014532953501}}
{"data": {"timestamp_sec": 109, "timestamp_ns": 29997562, "steering_angle": 0.0056871650740504265}}
{"data": {"timestamp_sec": 110, "timestamp_ns": 29997540, "steering_angle": 0.004164241719990969}}
{"data": {"timestamp_sec": 111, "timestamp_ns": 29997518, "steering_angle": 0.0017235807608813047}}
{"data": {"timestamp_sec": 112, "timestamp_ns": 29997495, "steering_angle": 0.0008643409819342196}}
{"data": {"timestamp_sec": 113, "timestamp_ns": 29997473, "steering_angle": -0.0012712228344753385}}
{"data": {"timestamp_sec": 114, "timestamp_ns": 29997451, "steering_angle": -0.0006474794936366379}}
{"data": {"timestamp_sec": 115, "timestamp_ns": 29997428, "steering_angle": -0.00033469617483206093}}
{"data": {"timestamp_sec": 116, "timestamp_ns": 29997406, "steering_angle": 0.0029361960478127003}}
{"data": {"timestamp_sec": 117, "timestamp_ns": 29997384, "steering_angle": 0.00269790249876678}}
{"data": {"timestamp_sec": 118, "timestamp_ns": 29997361, "steering_angle": -4.171687760390341e-05}}
{"data": {"timestamp_sec": 119, "timestamp_ns": 29997339, "steering_angle": -0.0004251111240591854}}
{"data": {"timestamp_sec": 120, "timestamp_ns": 29997317, "steering_angle": 0.00018483925668988377}}
{"data": {"timestamp_sec": 121, "timestamp_ns": 29997294, "steering_angle": -0.001919046277180314}}
{"data": {"timestamp_sec": 122, "timestamp_ns": 29997272, "steering_angle": -0.004600159823894501}}
{"data": {"timestamp_sec": 123, "timestamp_ns": 29997250, "steering_angle": -0.00011271498806308955}}
{"data": {"timestamp_sec": 124, "timestamp_ns": 29997227, "steering_angle": -0.019154740497469902}}
{"data": {"timestamp_sec": 125, "timestamp_ns": 29997205, "steering_angle": -0.013276590965688229}}
{"data": {"timestamp_sec": 126, "timestamp_ns": 29997183, "steering_angle": -0.014160474762320518}}
{"data": {"timestamp_sec": 127, "timestamp_ns": 29997160, "steering_angle": -0.011590675450861454}}
{"data": {"timestamp_sec": 128, "timestamp_ns": 29997138, "steering_angle": -0.012235530652105808}}
{"data": {"timestamp_sec": 129, "timestamp_ns": 29997115, "steering_angle": -0.009970397688448429}}
{"data": {"timestamp_sec": 130, "timestamp_ns": 29997093, "steering_angle": -0.004176044836640358}}
{"data": {"timestamp_sec": 131, "timestamp_ns": 29997071, "steering_angle": -1.4342259419208858e-05}}
{"data": {"timestamp_sec": 132, "timestamp_ns": 29997048, "steering_angle": 0.0003232820308767259}}
{"data": {"timestamp_sec": 133, "timestamp_ns": 29997026, "steering_angle": 0.0013580204686149955}}
{"data": {"timestamp_sec": 134, "timestamp_ns": 29997004, "steering_angle": 0.0007909637060947716}}
{"data": {"timestamp_sec": 135, "timestamp_ns": 29996981, "steering_angle": -0.0002748683618847281}}
{"data": {"timestamp_sec": 136, "timestamp_ns": 29996959, "steering_angle": 0.00020425453840289265}}
{"data": {"timestamp_sec": 137, "timestamp_ns": 29996937, "steering_angle": -0.0004276061081327498}}
{"data": {"timestamp_sec": 138, "timestamp_ns": 29996914, "steering_angle": -0.0005282230558805168}}
{"data": {"timestamp_sec": 139, "timestamp_ns": 29996892, "steering_angle": 0.00032449522404931486}}
{"data": {"timestamp_sec": 140, "timestamp_ns": 29996870, "steering_angle": -0.0010781974997371435}}
{"data": {"timestamp_sec": 141, "timestamp_ns": 29996847,