{"data": {"timestamp_sec": 46, "timestamp_ns": 109998969, "steering_angle": -0.0}}
{"data": {"timestamp_sec": 47, "timestamp_ns": 29998948, "steering_angle": -0.0}}
{"data": {"timestamp_sec": 48, "timestamp_ns": 29998926, "steering_angle": -0.0}}
{"data": {"timestamp_sec": 49, "timestamp_ns": 29998904, "steering_angle": -0.0}}
{"data": {"timestamp_sec": 50, "timestamp_ns": 29998881, "steering_angle": -0.0}}
{"data": {"timestamp_sec": 51, "timestamp_ns": 29998859, "steering_angle": -0.0}}
{"data": {"timestamp_sec": 52, "timestamp_ns": 29998837, "steering_angle": 0.0}}
{"data": {"timestamp_sec": 53, "timestamp_ns": 29998814, "steering_angle": -0.002931854920461774}}
{"data": {"timestamp_sec": 54, "timestamp_ns": 29998792, "steering_angle": -0.004790926817804575}}
{"data": {"timestamp_sec": 55, "timestamp_ns": 29998769, "steering_angle": -0.009549609385430813}}
{"data": {"timestamp_sec": 56, "timestamp_ns": 29998747, "steering_angle": -0.014266837388277054}}
{"data": {"timestamp_sec": 57, "timestamp_ns": 29998725, "steering_angle": -0.012127636931836605}}
{"data": {"timestamp_sec": 58, "timestamp_ns": 29998702, "steering_angle": -0.00863991491496563}}
{"data": {"timestamp_sec": 59, "timestamp_ns": 29998680, "steering_angle": -0.002958273747935891}}
{"data": {"timestamp_sec": 60, "timestamp_ns": 29998658, "steering_angle": 0.0007876332383602858}}
{"data": {"timestamp_sec": 61, "timestamp_ns": 29998635, "steering_angle": 0.0007084016688168049}}
{"data": {"timestamp_sec": 62, "timestamp_ns": 29998613, "steering_angle": 0.0014600611757487059}}
{"data": {"timestamp_sec": 63, "timestamp_ns": 29998591, "steering_angle": -0.0007452045101672411}}
{"data": {"timestamp_sec": 64, "timestamp_ns": 29998568, "steering_angle": 0.00028391045634634793}}
{"data": {"timestamp_sec": 65, "timestamp_ns": 29998546, "steering_angle": 0.00017132512584794313}}
{"data": {"timestamp_sec": 66, "timestamp_ns": 29998524, "steering_angle": 0.003536247881129384}}
{"data": {"timestamp_sec": 67, "timestamp_ns": 29998501, "steering_angle": 0.001097615109756589}}
{"data": {"timestamp_sec": 68, "timestamp_ns": 29998479, "steering_angle": -0.0006536781438626349}}
{"data": {"timestamp_sec": 69, "timestamp_ns": 29998457, "steering_angle": 0.0002535043749958277}}
{"data": {"timestamp_sec": 70, "timestamp_ns": 29998434, "steering_angle": -0.00040845072362571955}}
{"data": {"timestamp_sec": 71, "timestamp_ns": 29998412, "steering_angle": -0.005563469137996435}}
{"data": {"timestamp_sec": 72, "timestamp_ns": 29998390, "steering_angle": -0.01152687519788742}}
{"data": {"timestamp_sec": 73, "timestamp_ns": 29998367, "steering_angle": -0.013723907992243767}}
{"data": {"timestamp_sec": 74, "timestamp_ns": 29998345, "steering_angle": -0.016834665089845657}}
{"data": {"timestamp_sec": 75, "timestamp_ns": 29998322, "steering_angle": -0.014507899060845375}}
{"data": {"timestamp_sec": 76, "timestamp_ns": 29998300, "steering_angle": -0.016665618866682053}}
{"data": {"timestamp_sec": 77, "timestamp_ns": 29998278, "steering_angle": -0.014359584078192711}}
{"data": {"timestamp_sec": 78, "timestamp_ns": 29998255, "steering_angle": -0.015746496617794037}}
{"data": {"timestamp_sec": 79, "timestamp_ns": 29998233, "steering_angle": -0.014431892894208431}}
{"data": {"timestamp_sec": 80, "timestamp_ns": 29998211, "steering_angle": -0.011987724341452122}}
{"data": {"timestamp_sec": 81, "timestamp_ns": 29998188, "steering_angle": -0.012100537307560444}}
{"data": {"timestamp_sec": 82, "timestamp_ns": 29998166, "steering_angle": -0.01215328648686409}}
{"data": {"timestamp_sec": 83, "timestamp_ns": 29998144, "steering_angle": -0.012151854112744331}}
{"data": {"timestamp_sec": 84, "timestamp_ns": 29998121, "steering_angle": -0.01213721465319395}}
{"data": {"timestamp_sec": 85, "timestamp_ns": 29998099, "steering_angle": -0.012123863212764263}}
{"data": {"timestamp_sec": 86, "timestamp_ns": 29998077, "steering_angle": -0.01211344264447689}}
{"data": {"timestamp_sec": 87, "timestamp_ns": 29998054, "steering_angle": -0.012105349451303482}}
{"data": {"timestamp_sec": 88, "timestamp_ns": 29998032, "steering_angle": -0.012098519131541252}}
{"data": {"timestamp_sec": 89, "timestamp_ns": 29998010, "steering_angle": -0.012093560770154}}
{"data": {"timestamp_sec": 90, "timestamp_ns": 29997987, "steering_angle": -0.012091157026588917}}
{"data": {"timestamp_sec": 91, "timestamp_ns": 29997965, "steering_angle": -0.012088735587894917}}
{"data": {"timestamp_sec": 92, "timestamp_ns": 29997942, "steering_angle": -0.012088635005056858}}
{"data": {"timestamp_sec": 93, "timestamp_ns": 29997920, "steering_angle": -0.012087227776646614}}
{"data": {"timestamp_sec": 94, "timestamp_ns": 29997898, "steering_angle": -0.012085635215044022}}
{"data": {"timestamp_sec": 95, "timestamp_ns": 29997875, "steering_angle": -0.012084550224244595}}
{"data": {"timestamp_sec": 96, "timestamp_ns": 29997853, "steering_angle": -0.012083330191671848}}
{"data": {"timestamp_sec": 97, "timestamp_ns": 29997831, "steering_angle": -0.012083921581506729}}
{"data": {"timestamp_sec": 98, "timestamp_ns": 29997808, "steering_angle": -0.012083586305379868}}
{"data": {"timestamp_sec": 99, "timestamp_ns": 29997786, "steering_angle": -0.012083730660378933}}
{"data": {"timestamp_sec": 100, "timestamp_ns": 29997764, "steering_angle": -0.012084276415407658}}
{"data": {"timestamp_sec": 101, "timestamp_ns": 29997741, "steering_angle": -0.012083503417670727}}
{"data": {"timestamp_sec": 102, "timestamp_ns": 29997719, "steering_angle": -0.012084313668310642}}
{"data": {"timestamp_sec": 103, "timestamp_ns": 29997697, "steering_angle": -0.012084313668310642}}
{"data": {"timestamp_sec": 104, "timestamp_ns": 29997674, "steering_angle": -0.01208358071744442}}
{"data": {"timestamp_sec": 105, "timestamp_ns": 29997652, "steering_angle": -0.012322240509092808}}
{"data": {"timestamp_sec": 106, "timestamp_ns": 29997630, "steering_angle": -0.012374229729175568}}
{"data": {"timestamp_sec": 107, "timestamp_ns": 29997607, "steering_angle": -0.012938634492456913}}
{"data": {"timestamp_sec": 108, "timestamp_ns": 29997585, "steering_angle": -0.014090402983129025}}
{"data": {"timestamp_sec": 109, "timestamp_ns": 29997562, "steering_angle": -0.013466845266520977}}
{"data": {"timestamp_sec": 110, "timestamp_ns": 29997540, "steering_angle": -0.011111901141703129}}
{"data": {"timestamp_sec": 111, "timestamp_ns": 29997518, "steering_angle": -0.010473454371094704}}
{"data": {"timestamp_sec": 112, "timestamp_ns": 29997495, "steering_angle": -0.012216523289680481}}
{"data": {"timestamp_sec": 113, "timestamp_ns": 29997473, "steering_angle": -0.013709113001823425}}
{"data": {"timestamp_sec": 114, "timestamp_ns": 29997451, "steering_angle": -0.012557641603052616}}
{"data": {"timestamp_sec": 115, "timestamp_ns": 29997428, "steering_angle": -0.004147828556597233}}
{"data": {"timestamp_sec": 116, "timestamp_ns": 29997406, "steering_angle": -0.001842081779614091}}
{"data": {"timestamp_sec": 117, "timestamp_ns": 29997384, "steering_angle": 0.00030097784474492073}}
{"data": {"timestamp_sec": 118, "timestamp_ns": 29997361, "steering_angle": 0.0006373932119458914}}
{"data": {"timestamp_sec": 119, "timestamp_ns": 29997339, "steering_angle": 0.000798294844571501}}
{"data": {"timestamp_sec": 120, "timestamp_ns": 29997317, "steering_angle": 0.001429277821443975}}
{"data": {"timestamp_sec": 121, "timestamp_ns": 29997294, "steering_angle": 0.0006792483618482947}}
{"data": {"timestamp_sec": 122, "timestamp_ns": 29997272, "steering_angle": -0.00015911777154542506}}
{"data": {"timestamp_sec": 123, "timestamp_ns": 29997250, "steering_angle": 6.320638203760609e-05}}
{"data": {"timestamp_sec": 124, "timestamp_ns": 29997227, "steering_angle": -0.0003721244866028428}}
{"data": {"timestamp_sec": 125, "timestamp_ns": 29997205, "steering_angle": -0.00010423464846098796}}
{"data": {"timestamp_sec": 126, "timestamp_ns": 29997183, "steering_angle": -0.0006059259176254272}}
{"data": {"timestamp_sec": 127, "timestamp_ns": 29997160,