{"data": {"timestamp_sec": 46, "timestamp_ns": 109998969, "longitudinal_velocity": 0.0, "lateral_velocity": -0.0, "yaw_rate": -0.0}}
{"data": {"timestamp_sec": 47, "timestamp_ns": 29998948, "longitudinal_velocity": 0.0, "lateral_velocity": -0.0, "yaw_rate": -0.0}}
{"data": {"timestamp_sec": 48, "timestamp_ns": 29998926, "longitudinal_velocity": 0.0, "lateral_velocity": -0.0, "yaw_rate": -0.0}}
{"data": {"timestamp_sec": 49, "timestamp_ns": 29998904, "longitudinal_velocity": 0.0, "lateral_velocity": -0.0, "yaw_rate": -0.0}}
{"data": {"timestamp_sec": 50, "timestamp_ns": 29998881, "longitudinal_velocity": 0.0, "lateral_velocity": -0.0, "yaw_rate": -0.0}}
{"data": {"timestamp_sec": 51, "timestamp_ns": 29998859, "longitudinal_velocity": 0.0, "lateral_velocity": -0.0, "yaw_rate": -0.0}}
{"data": {"timestamp_sec": 52, "timestamp_ns": 29998837, "longitudinal_velocity": 0.0, "lateral_velocity": -0.0, "yaw_rate": -0.0}}
{"data": {"timestamp_sec": 53, "timestamp_ns": 29998814, "longitudinal_velocity": 0.0, "lateral_velocity": -0.0, "yaw_rate": -0.0}}
{"data": {"timestamp_sec": 54, "timestamp_ns": 29998792, "longitudinal_velocity": 0.18701863288879395, "lateral_velocity": 0.00040258467197418213, "yaw_rate": -0.000532632227987051}}
{"data": {"timestamp_sec": 55, "timestamp_ns": 29998769, "longitudinal_velocity": 0.6699918508529663, "lateral_velocity": -0.0023661553859710693, "yaw_rate": -0.0026098978705704212}}
{"data": {"timestamp_sec": 56, "timestamp_ns": 29998747, "longitudinal_velocity": 1.3913010358810425, "lateral_velocity": -0.007418811321258545, "yaw_rate": -0.007989482954144478}}
{"data": {"timestamp_sec": 57, "timestamp_ns": 29998725, "longitudinal_velocity": 1.6710565090179443, "lateral_velocity": -0.01040416955947876, "yaw_rate": -0.007456851191818714}}
{"data": {"timestamp_sec": 58, "timestamp_ns": 29998702, "longitudinal_velocity": 2.078730583190918, "lateral_velocity": -0.009159386157989502, "yaw_rate": -0.00660463934764266}}
{"data": {"timestamp_sec": 59, "timestamp_ns": 29998680, "longitudinal_velocity": 3.060300827026367, "lateral_velocity": -0.006235480308532715, "yaw_rate": -0.0034621094819158316}}
{"data": {"timestamp_sec": 60, "timestamp_ns": 29998658, "longitudinal_velocity": 4.026820182800293, "lateral_velocity": 0.006726980209350586, "yaw_rate": 0.0011717908782884479}}
{"data": {"timestamp_sec": 61, "timestamp_ns": 29998635, "longitudinal_velocity": 5.071621894836426, "lateral_velocity": 0.01374673843383789, "yaw_rate": 0.001065264455974102}}
{"data": {"timestamp_sec": 62, "timestamp_ns": 29998613, "longitudinal_velocity": 6.059386253356934, "lateral_velocity": 0.00044035911560058594, "yaw_rate": 0.003728425595909357}}
{"data": {"timestamp_sec": 63, "timestamp_ns": 29998591, "longitudinal_velocity": 7.078693866729736, "lateral_velocity": -0.0009489059448242188, "yaw_rate": -0.0017576862592250109}}
{"data": {"timestamp_sec": 64, "timestamp_ns": 29998568, "longitudinal_velocity": 8.03011703491211, "lateral_velocity": 0.0006918907165527344, "yaw_rate": 0.001065264455974102}}
{"data": {"timestamp_sec": 65, "timestamp_ns": 29998546, "longitudinal_velocity": 8.972556114196777, "lateral_velocity": 0.0017099380493164062, "yaw_rate": 0.000532632227987051}}
{"data": {"timestamp_sec": 66, "timestamp_ns": 29998524, "longitudinal_velocity": 9.919759750366211, "lateral_velocity": 0.015016555786132812, "yaw_rate": 0.012623383663594723}}
{"data": {"timestamp_sec": 67, "timestamp_ns": 29998501, "longitudinal_velocity": 10.602556228637695, "lateral_velocity": 0.004343986511230469, "yaw_rate": 0.00415453128516674}}
{"data": {"timestamp_sec": 68, "timestamp_ns": 29998479, "longitudinal_velocity": 11.136165618896484, "lateral_velocity": -0.0021638870239257812, "yaw_rate": -0.0025033713318407536}}
{"data": {"timestamp_sec": 69, "timestamp_ns": 29998457, "longitudinal_velocity": 11.266682624816895, "lateral_velocity": 0.0025196075439453125, "yaw_rate": 0.0010120011866092682}}
{"data": {"timestamp_sec": 70, "timestamp_ns": 29998434, "longitudinal_velocity": 11.531536102294922, "lateral_velocity": -0.0006556510925292969, "yaw_rate": -0.0014381069922819734}}
{"data": {"timestamp_sec": 71, "timestamp_ns": 29998412, "longitudinal_velocity": 11.199115753173828, "lateral_velocity": -0.021297931671142578, "yaw_rate": -0.021944446489214897}}
{"data": {"timestamp_sec": 72, "timestamp_ns": 29998390, "longitudinal_velocity": 10.555583000183105, "lateral_velocity": -0.03956317901611328, "yaw_rate": -0.03696467727422714}}
{"data": {"timestamp_sec": 73, "timestamp_ns": 29998367, "longitudinal_velocity": 9.649665832519531, "lateral_velocity": -0.04868268966674805, "yaw_rate": -0.046658582985401154}}
{"data": {"timestamp_sec": 74, "timestamp_ns": 29998345, "longitudinal_velocity": 8.621953010559082, "lateral_velocity": -0.0549616813659668, "yaw_rate": -0.052251219749450684}}
{"data": {"timestamp_sec": 75, "timestamp_ns": 29998322, "longitudinal_velocity": 7.172061443328857, "lateral_velocity": -0.04022216796875, "yaw_rate": -0.03802993893623352}}
{"data": {"timestamp_sec": 76, "timestamp_ns": 29998300, "longitudinal_velocity": 5.507970809936523, "lateral_velocity": -0.03424656391143799, "yaw_rate": -0.03259709104895592}}
{"data": {"timestamp_sec": 77, "timestamp_ns": 29998278, "longitudinal_velocity": 3.849851608276367, "lateral_velocity": -0.021536707878112793, "yaw_rate": -0.019654128700494766}}
{"data": {"timestamp_sec": 78, "timestamp_ns": 29998255, "longitudinal_velocity": 2.289501190185547, "lateral_velocity": -0.01392585039138794, "yaw_rate": -0.01272991020232439}}
{"data": {"timestamp_sec": 79, "timestamp_ns": 29998233, "longitudinal_velocity": 1.0267349481582642, "lateral_velocity": -0.005283564329147339, "yaw_rate": -0.0052197957411408424}}
{"data": {"timestamp_sec": 80, "timestamp_ns": 29998211, "longitudinal_velocity": 0.14719612896442413, "lateral_velocity": 0.0001968592405319214, "yaw_rate": -0.0005858954391442239}}
{"data": {"timestamp_sec": 81, "timestamp_ns": 29998188, "longitudinal_velocity": 0.0, "lateral_velocity": -0.0, "yaw_rate": -0.0}}
{"data": {"timestamp_sec": 82, "timestamp_ns": 29998166, "longitudinal_velocity": 0.0, "lateral_velocity": -0.0, "yaw_rate": -0.0}}
{"data": {"timestamp_sec": 83, "timestamp_ns": 29998144, "longitudinal_velocity": 0.0, "lateral_velocity": -0.0, "yaw_rate": -0.0}}
{"data": {"timestamp_sec": 84, "timestamp_ns": 29998121, "longitudinal_velocity": 0.0, "lateral_velocity": -0.0, "yaw_rate": -0.0}}
{"data": {"timestamp_sec": 85, "timestamp_ns": 29998099, "longitudinal_velocity": 0.0, "lateral_velocity": -0.0, "yaw_rate": -0.0}}
{"data": {"timestamp_sec": 86, "timestamp_ns": 29998077, "longitudinal_velocity": 0.0, "lateral_velocity": -0.0, "yaw_rate": -5.326322207110934e-05}}
{"data": {"timestamp_sec": 87, "timestamp_ns": 29998054, "longitudinal_velocity": 0.0, "lateral_velocity": -0.0, "yaw_rate": -5.326322207110934e-05}}
{"data": {"timestamp_sec": 88, "timestamp_ns": 29998032, "longitudinal_velocity": 0.0, "lateral_velocity": -0.0, "yaw_rate": -0.0}}
{"data": {"timestamp_sec": 89, "timestamp_ns": 29998010, "longitudinal_velocity": 0.0, "lateral_velocity": -0.0, "yaw_rate": -0.0}}
{"data": {"timestamp_sec": 90, "timestamp_ns": 29997987, "longitudinal_velocity": 0.0, "lateral_velocity": -0.0, "yaw_rate": -0.0}}
{"data": {"timestamp_sec": 91, "timestamp_ns": 29997965, "longitudinal_velocity": 0.0, "lateral_velocity": -0.0, "yaw_rate": -0.0}}
{"data": {"timestamp_sec": 92, "timestamp_ns": 29997942, "longitudinal_velocity": 0.0, "lateral_velocity": -0.0, "yaw_rate": -0.0}}
{"data": {"timestamp_sec": 93, "timestamp_ns": 29997920, "longitudinal_velocity": 0.0, "lateral_velocity": -0.0, "yaw_rate": -0.0}}
{"data": {"timestamp_sec": 94, "timestamp_ns": 29997898, "longitudinal_velocity": 0.0, "lateral_velocity": -0.0, "yaw_rate": -0.0}}
{"data": {"timestamp_sec": 95, "timestamp_ns": 29997875, "longitudinal_velocity": 0.0, "lateral_velocity": -0.0, "yaw_rate": -0.0}}
{"data": {"timestamp_sec": 96, "timestamp_ns": 29997853,