{"data": {"timestamp_sec": 75, "timestamp_ns": 909998303, "num_objects": 2, "is_map_frame": true, "objects": [{"x": 81364.14290975335, "y": 49913.23339505745, "z": 42.028968811035156, "orientation_x": 0.005200046195284099, "orientation_y": -0.0005912185655662587, "orientation_z": -0.9644319751841326, "orientation_w": 0.26427935073063746, "linear_velocity_x": 0.975488346556852, "linear_velocity_y": 0.0, "linear_velocity_z": 0.0, "classification": 7}, {"x": 81420.19516039228, "y": 49906.10365551295, "z": 43.42365646362305, "orientation_x": 0.004701857864511983, "orientation_y": -0.0022983803965587785, "orientation_z": -0.6260966396511136, "orientation_w": 0.7797279062581757, "linear_velocity_x": 16.568065098109447, "linear_velocity_y": 0.0, "linear_velocity_z": 0.0, "classification": 2}]}}
{"data": {"timestamp_sec": 76, "timestamp_ns": 909998280, "num_objects": 2, "is_map_frame": true, "objects": [{"x": 81363.76273339226, "y": 49912.90644917478, "z": 42.04360580444336, "orientation_x": -0.0033798318454818115, "orientation_y": -0.0039893179112008865, "orientation_z": -0.9552294319375818, "orientation_w": 0.2958198682298136, "linear_velocity_x": 0.6264816695404913, "linear_velocity_y": 0.0, "linear_velocity_z": 0.0, "classification": 7}, {"x": 81418.49608688422, "y": 49927.83585531747, "z": 43.478572845458984, "orientation_x": 0.004802325500733528, "orientation_y": -0.002067750102252606, "orientation_z": -0.6466421492818452, "orientation_w": 0.7627755848553726, "linear_velocity_x": 14.090670393541142, "linear_velocity_y": 0.0, "linear_velocity_z": 0.0, "classification": 2}]}}
{"data": {"timestamp_sec": 77, "timestamp_ns": 909998258, "num_objects": 1, "is_map_frame": true, "objects": [{"x": 81364.62020556725, "y": 49913.451070480274, "z": 42.04680633544922, "orientation_x": -0.004381851996268064, "orientation_y": -0.002871392907837073, "orientation_z": -0.9525117861056073, "orientation_w": 0.3044566501256906, "linear_velocity_x": -0.38869124264163596, "linear_velocity_y": 0.0, "linear_velocity_z": 0.0, "classification": 7}]}}
{"data": {"timestamp_sec": 78, "timestamp_ns": 909998236, "num_objects": 1, "is_map_frame": true, "objects": [{"x": 81365.77116089781, "y": 49914.313153695715, "z": 42.03437423706055, "orientation_x": -0.0010189050732217749, "orientation_y": -0.005133707442105529, "orientation_z": -0.9463046563777014, "orientation_w": 0.32323382279432183, "linear_velocity_x": -1.0007077008416323, "linear_velocity_y": 0.0, "linear_velocity_z": 0.0, "classification": 7}]}}
{"data": {"timestamp_sec": 81, "timestamp_ns": 909998169, "num_objects": 1, "is_map_frame": true, "objects": [{"x": 81368.13085471562, "y": 49915.72131502169, "z": 41.98368835449219, "orientation_x": 0.0016559068320230466, "orientation_y": -0.0049759504353981306, "orientation_z": 0.2552219472145262, "orientation_w": 0.9668682720773569, "linear_velocity_x": 0.6129095365467327, "linear_velocity_y": 0.0, "linear_velocity_z": 0.0, "classification": 7}]}}
{"data": {"timestamp_sec": 82, "timestamp_ns": 909998146, "num_objects": 1, "is_map_frame": true, "objects": [{"x": 81369.15588934555, "y": 49916.476479475314, "z": 41.952667236328125, "orientation_x": 0.0012914334474801606, "orientation_y": -0.008000269690845805, "orientation_z": 0.31185457665998545, "orientation_w": 0.9500952851692012, "linear_velocity_x": 0.9719793805912945, "linear_velocity_y": 0.0, "linear_velocity_z": 0.0, "classification": 7}]}}
{"data": {"timestamp_sec": 83, "timestamp_ns": 909998124, "num_objects": 1, "is_map_frame": true, "objects": [{"x": 81370.01365339475, "y": 49917.01621219176, "z": 41.954227447509766, "orientation_x": 0.00828918399323267, "orientation_y": -0.00018271437645164855, "orientation_z": 0.2892462835544373, "orientation_w": 0.9572188064879048, "linear_velocity_x": 0.9964845990234114, "linear_velocity_y": 0.0, "linear_velocity_z": 0.0, "classification": 7}]}}
{"data": {"timestamp_sec": 84, "timestamp_ns": 909998102, "num_objects": 0, "is_map_frame": true, "objects": []}}
{"data": {"timestamp_sec": 85, "timestamp_ns": 909998079, "num_objects": 0, "is_map_frame": true, "objects": []}}
{"data": {"timestamp_sec": 86, "timestamp_ns": 909998057, "num_objects": 0, "is_map_frame": true, "objects": []}}
{"data": {"timestamp_sec": 87, "timestamp_ns": 909998035, "num_objects": 0, "is_map_frame": true, "objects": []}}
{"data": {"timestamp_sec": 88, "timestamp_ns": 909998012, "num_objects": 1, "is_map_frame": true, "objects": [{"x": 81373.84824621861, "y": 49919.36318021354, "z": 42.13665771484375, "orientation_x": 0.0002279369769968495, "orientation_y": -0.005416500576877739, "orientation_z": -0.8299451858866803, "orientation_w": 0.5578186067080937, "linear_velocity_x": 0.4312443177048658, "linear_velocity_y": 0.0, "linear_velocity_z": 0.0, "classification": 7}]}}
{"data": {"timestamp_sec": 89, "timestamp_ns": 909997990, "num_objects": 2, "is_map_frame": true, "objects": [{"x": 81374.95051214946, "y": 49920.17052236484, "z": 42.056068420410156, "orientation_x": 0.005192884693747799, "orientation_y": -0.0014078807595503627, "orientation_z": 0.21793408385364832, "orientation_w": 0.9759486599791996, "linear_velocity_x": 0.30083571156116623, "linear_velocity_y": 0.0, "linear_velocity_z": 0.0, "classification": 7}, {"x": 81418.4704937088, "y": 49903.09066971264, "z": 43.32185363769531, "orientation_x": 0.003380946344519841, "orientation_y": -0.004185377102621723, "orientation_z": 0.8111300015175457, "orientation_w": 0.5848411514748861, "linear_velocity_x": 8.346091065214276, "linear_velocity_y": 0.0, "linear_velocity_z": 0.0, "classification": 2}]}}
{"data": {"timestamp_sec": 90, "timestamp_ns": 909997968, "num_objects": 2, "is_map_frame": true, "objects": [{"x": 81375.97971950095, "y": 49920.860890058364, "z": 42.11841583251953, "orientation_x": 0.004409154557157117, "orientation_y": -0.002713638902035221, "orientation_z": 0.2639571378172535, "orientation_w": 0.9645205155492151, "linear_velocity_x": 0.9794769483638357, "linear_velocity_y": 0.0, "linear_velocity_z": 0.0, "classification": 7}, {"x": 81418.04917755863, "y": 49905.291963034986, "z": 43.15546417236328, "orientation_x": 0.0013927235984711604, "orientation_y": -0.005002542600028744, "orientation_z": 0.8037405561319917, "orientation_w": 0.5949572701607652, "linear_velocity_x": 3.8247837503336686, "linear_velocity_y": 0.0, "linear_velocity_z": 0.0, "classification": 2}]}}
{"data": {"timestamp_sec": 91, "timestamp_ns": 909997945, "num_objects": 2, "is_map_frame": true, "objects": [{"x": 81376.85493909896, "y": 49921.40981477381, "z": 42.12553405761719, "orientation_x": 0.003926134399359028, "orientation_y": -0.002693340425531735, "orientation_z": 0.2752519723064891, "orientation_w": 0.9613603294953553, "linear_velocity_x": 1.0136238607504056, "linear_velocity_y": 0.0, "linear_velocity_z": 0.0, "classification": 7}, {"x": 81415.52276060711, "y": 49912.73524875045, "z": 43.18612289428711, "orientation_x": 0.0013199147055575754, "orientation_y": -0.004574542506053106, "orientation_z": 0.8064095075173109, "orientation_w": 0.5913383444118255, "linear_velocity_x": 5.885527492562718, "linear_velocity_y": 0.0, "linear_velocity_z": 0.0, "classification": 2}]}}
{"data": {"timestamp_sec": 92, "timestamp_ns": 909997923, "num_objects": 2, "is_map_frame": true, "objects": [{"x": 81377.68547242634, "y": 49922.06702913451, "z": 42.1910514831543, "orientation_x": 0.0029920594391138053, "orientation_y": -0.001939255635044602, "orientation_z": 0.30923098058024356, "orientation_w": 0.9509802771442086, "linear_velocity_x": 1.030425269829287, "linear_velocity_y": 0.0, "linear_velocity_z": 0.0, "classification": 7}, {"x": 81414.52832300361, "y": 49917.47378814604, "z": 43.19264221191406, "orientation_x": 0.00039630621336703956, "orientation_y": -0.0020760134058701732, "orientation_z": 0.7779420147900518, "orientation_w": 0.6283325192397086, "linear_velocity_x": 5.261078938838221, "linear_velocity_y": 0.0, "linear_velocity_z": 0.0,