{"data": {"timestamp_sec": 75, "timestamp_ns": 989998301, "position": {"x": 81377.34391695265, "y": 49916.90395256861, "z": 41.210646022924315}, "orientation": {"x": 0.0008019126784627609, "y": -0.0051779145040683735, "z": 0.30057099564945605, "w": 0.953745051212188}}}
{"data": {"timestamp_sec": 76, "timestamp_ns": 989998279, "position": {"x": 81377.34497263501, "y": 49916.90445785051, "z": 41.210360744900235}, "orientation": {"x": 0.0008240356061200289, "y": -0.0051635866670482105, "z": 0.3005661947839161, "w": 0.9537466230038084}}}
{"data": {"timestamp_sec": 77, "timestamp_ns": 989998256, "position": {"x": 81377.34631096404, "y": 49916.90533714375, "z": 41.21000167273969}, "orientation": {"x": 0.0008230368944356045, "y": -0.005180335973074156, "z": 0.300586403393706, "w": 0.9537401642084246}}}
{"data": {"timestamp_sec": 78, "timestamp_ns": 989998234, "position": {"x": 81377.34552895543, "y": 49916.904493333255, "z": 41.21001589874092}, "orientation": {"x": 0.0007895241502191424, "y": -0.005180356352823424, "z": 0.30057366221499543, "w": 0.9537442079207296}}}
{"data": {"timestamp_sec": 81, "timestamp_ns": 989998167, "position": {"x": 81377.34569191412, "y": 49916.9036712913, "z": 41.2099481213912}, "orientation": {"x": 0.0007456275759019856, "y": -0.005193177846973083, "z": 0.30057442381838334, "w": 0.953743933500819}}}
{"data": {"timestamp_sec": 82, "timestamp_ns": 989998145, "position": {"x": 81377.441939258, "y": 49916.970649912655, "z": 41.173634615872416}, "orientation": {"x": -0.00021330758011349612, "y": -0.0082961938593647, "z": 0.3003284868988269, "w": 0.9537997314029739}}}
{"data": {"timestamp_sec": 83, "timestamp_ns": 989998122, "position": {"x": 81377.87140490522, "y": 49917.27002774709, "z": 41.18414530876684}, "orientation": {"x": 0.0005950503078739457, "y": -0.008100607277640894, "z": 0.29923854640955405, "w": 0.9541437619245654}}}
{"data": {"timestamp_sec": 84, "timestamp_ns": 989998100, "position": {"x": 81378.69167513348, "y": 49917.8378917369, "z": 41.206787082493484}, "orientation": {"x": 0.0015510232516092073, "y": -0.00609933344247734, "z": 0.29649236324456213, "w": 0.9550144873226193}}}
{"data": {"timestamp_sec": 85, "timestamp_ns": 989998077, "position": {"x": 81379.51087248308, "y": 49918.40206910275, "z": 41.22208952688442}, "orientation": {"x": 0.0017428280813663998, "y": -0.004591401094163904, "z": 0.29763153689116006, "w": 0.9546681883429852}}}
{"data": {"timestamp_sec": 86, "timestamp_ns": 989998055, "position": {"x": 81380.2869846713, "y": 49918.941184396346, "z": 41.23628627836161}, "orientation": {"x": 0.00363940716305334, "y": -0.0036367824557242516, "z": 0.29702412491200886, "w": 0.954856113636566}}}
{"data": {"timestamp_sec": 87, "timestamp_ns": 989998033, "position": {"x": 81381.37828652155, "y": 49919.68728389048, "z": 41.24154513752088}, "orientation": {"x": 0.004708204100416774, "y": -0.002469141699163547, "z": 0.29237868732182726, "w": 0.9562878433575235}}}
{"data": {"timestamp_sec": 88, "timestamp_ns": 989998010, "position": {"x": 81382.7623256216, "y": 49920.611703100716, "z": 41.25409048193715}, "orientation": {"x": 0.00487595735011583, "y": -0.0016606400892940857, "z": 0.2897484627125676, "w": 0.9570889695687217}}}
{"data": {"timestamp_sec": 89, "timestamp_ns": 989997988, "position": {"x": 81384.22601962443, "y": 49921.57687721795, "z": 41.26913695156034}, "orientation": {"x": 0.005560042761664212, "y": -0.0015010880254594575, "z": 0.2858500214202565, "w": 0.9582570625428581}}}
{"data": {"timestamp_sec": 90, "timestamp_ns": 989997966, "position": {"x": 81385.44304124321, "y": 49922.365831531824, "z": 41.27716874954949}, "orientation": {"x": 0.003704551145824033, "y": -0.0038725007191336308, "z": 0.283531894854792, "w": 0.9589478320737992}}}
{"data": {"timestamp_sec": 91, "timestamp_ns": 989997943, "position": {"x": 81386.30249311058, "y": 49922.9205946035, "z": 41.290076056154895}, "orientation": {"x": 0.003155689789582615, "y": -0.0028357731641949204, "z": 0.2830701635719613, "w": 0.959089819833292}}}
{"data": {"timestamp_sec": 92, "timestamp_ns": 989997921, "position": {"x": 81386.79884230673, "y": 49923.24180881643, "z": 41.29934184159319}, "orientation": {"x": 0.0008168999945057491, "y": -0.0011978288272165238, "z": 0.28203678433286933, "w": 0.9594024964339389}}}
{"data": {"timestamp_sec": 93, "timestamp_ns": 989997899, "position": {"x": 81386.94487302432, "y": 49923.33676939139, "z": 41.30458022281314}, "orientation": {"x": 2.723359718577521e-05, "y": -0.0003435186251040177, "z": 0.2820830108237173, "w": 0.9593899396272154}}}
{"data": {"timestamp_sec": 94, "timestamp_ns": 989997876, "position": {"x": 81386.93579076756, "y": 49923.32993285574, "z": 41.30362711241654}, "orientation": {"x": -9.732155075268456e-05, "y": -0.0002987009350857571, "z": 0.2820417498252408, "w": 0.9594020808095964}}}
{"data": {"timestamp_sec": 95, "timestamp_ns": 989997854, "position": {"x": 81386.92995498219, "y": 49923.32449218527, "z": 41.30363996382392}, "orientation": {"x": -7.096399956883201e-05, "y": -0.00022610672313385714, "z": 0.28195093038558794, "w": 0.9594287970946891}}}
{"data": {"timestamp_sec": 96, "timestamp_ns": 989997832, "position": {"x": 81386.92612462725, "y": 49923.321651094775, "z": 41.30323342459153}, "orientation": {"x": -0.00012392110379336725, "y": -0.0001852764365022806, "z": 0.2819813771968976, "w": 0.9594198524266333}}}
{"data": {"timestamp_sec": 105, "timestamp_ns": 989997630, "position": {"x": 81387.02103902832, "y": 49923.379427503634, "z": 41.30158126480878}, "orientation": {"x": 0.00018212351781948097, "y": -0.0006306041629094315, "z": 0.2818963627629194, "w": 0.9594446361465838}}}
{"data": {"timestamp_sec": 106, "timestamp_ns": 989997608, "position": {"x": 81387.46777950783, "y": 49923.667208342915, "z": 41.308447764939984}, "orientation": {"x": -0.0007771532582198369, "y": 0.000729040923688094, "z": 0.2826117703098763, "w": 0.9592337837120117}}}
{"data": {"timestamp_sec": 107, "timestamp_ns": 989997586, "position": {"x": 81388.30595831205, "y": 49924.209143092674, "z": 41.313898056501685}, "orientation": {"x": -0.00023465188699577577, "y": 0.002829448508184282, "z": 0.28412994652764995, "w": 0.9587815771310096}}}
{"data": {"timestamp_sec": 108, "timestamp_ns": 989997563, "position": {"x": 81389.72786375834, "y": 49925.136995087254, "z": 41.3088217933721}, "orientation": {"x": -0.00011252148204774545, "y": 0.00508045101733238, "z": 0.28587003808198, "w": 0.9582549231198261}}}
{"data": {"timestamp_sec": 109, "timestamp_ns": 989997541, "position": {"x": 81391.90040973041, "y": 49926.57830343771, "z": 41.277842246142406}, "orientation": {"x": -0.005819889647422423, "y": -0.00032161242191605026, "z": 0.2897666519802178, "w": 0.9570795749832495}}}
{"data": {"timestamp_sec": 110, "timestamp_ns": 989997519, "position": {"x": 81394.51657944603, "y": 49928.34869733828, "z": 41.26321118597305}, "orientation": {"x": -0.015774107479966812, "y": -0.0032261251461808927, "z": 0.2955655958466777, "w": 0.9551867609015265}}}
{"data": {"timestamp_sec": 111, "timestamp_ns": 989997496, "position": {"x": 81397.24389443245, "y": 49930.328854874984, "z": 41.255525743100684}, "orientation": {"x": -0.015727348062361486, "y": -0.0003401931987654615, "z": 0.33121961780965636, "w": 0.9434225456122713}}}
{"data": {"timestamp_sec": 112, "timestamp_ns": 989997474, "position": {"x": 81399.8044255879, "y": 49932.64104543865, "z": 41.213210523401294}, "orientation": {"x": -0.011652771398951831, "y": -0.002458619608207619, "z": 0.3900457264894254, "w": 0.9207184691075129}}}
{"data": {"timestamp_sec": 113, "timestamp_ns": 989997452, "position": {"x": 81402.28692612532, "y": 49935.74323125411, "z": 41.18736725205522}, "orientation": {"x": -0.009959873766962859, "y": -0.0020620476838915827, "z": 0.4778314168534686, "w": 0.8783926718397086}}}
{"data": {"timestamp_sec": 114, "timestamp_ns": 989997429, "position": {"x": 81404.21830571469, "y": 49939.57932810347, "z": 41.14875320831193}, "orientation": {"x": -0.00983179882222861,