{"data": {"timestamp_sec": 75, "timestamp_ns": 989998301, "longitudinal_velocity": 0.0, "lateral_velocity": -0.0, "yaw_rate": -0.0}}
{"data": {"timestamp_sec": 76, "timestamp_ns": 989998279, "longitudinal_velocity": 0.0, "lateral_velocity": -0.0, "yaw_rate": -0.0}}
{"data": {"timestamp_sec": 77, "timestamp_ns": 989998256, "longitudinal_velocity": 0.0, "lateral_velocity": -0.0, "yaw_rate": -0.0}}
{"data": {"timestamp_sec": 78, "timestamp_ns": 989998234, "longitudinal_velocity": 0.0, "lateral_velocity": -0.0, "yaw_rate": -0.0}}
{"data": {"timestamp_sec": 81, "timestamp_ns": 989998167, "longitudinal_velocity": 0.00488678552210331, "lateral_velocity": 0.010203932411968708, "yaw_rate": 0.00010652644414221868}}
{"data": {"timestamp_sec": 82, "timestamp_ns": 989998145, "longitudinal_velocity": 0.2581067681312561, "lateral_velocity": 1.3686716556549072e-05, "yaw_rate": -0.0008522115531377494}}
{"data": {"timestamp_sec": 83, "timestamp_ns": 989998122, "longitudinal_velocity": 0.8478524088859558, "lateral_velocity": -0.005296528339385986, "yaw_rate": -0.004846953321248293}}
{"data": {"timestamp_sec": 84, "timestamp_ns": 989998100, "longitudinal_velocity": 1.0607343912124634, "lateral_velocity": -0.0016548335552215576, "yaw_rate": -0.0028762139845639467}}
{"data": {"timestamp_sec": 85, "timestamp_ns": 989998077, "longitudinal_velocity": 0.9030711650848389, "lateral_velocity": 0.0027820169925689697, "yaw_rate": 0.0032490564044564962}}
{"data": {"timestamp_sec": 86, "timestamp_ns": 989998055, "longitudinal_velocity": 1.11016047000885, "lateral_velocity": -0.012646675109863281, "yaw_rate": -0.009640643373131752}}
{"data": {"timestamp_sec": 87, "timestamp_ns": 989998033, "longitudinal_velocity": 1.524208664894104, "lateral_velocity": -0.006816744804382324, "yaw_rate": -0.004687163513153791}}
{"data": {"timestamp_sec": 88, "timestamp_ns": 989998010, "longitudinal_velocity": 1.7632160186767578, "lateral_velocity": -0.00550532341003418, "yaw_rate": -0.0031425300985574722}}
{"data": {"timestamp_sec": 89, "timestamp_ns": 989997988, "longitudinal_velocity": 1.650319218635559, "lateral_velocity": -0.011120736598968506, "yaw_rate": -0.009693906642496586}}
{"data": {"timestamp_sec": 90, "timestamp_ns": 989997966, "longitudinal_velocity": 1.2343122959136963, "lateral_velocity": -0.0007091760635375977, "yaw_rate": 0.0007989483419805765}}
{"data": {"timestamp_sec": 91, "timestamp_ns": 989997943, "longitudinal_velocity": 0.8146687746047974, "lateral_velocity": -0.004136979579925537, "yaw_rate": -0.003941478207707405}}
{"data": {"timestamp_sec": 92, "timestamp_ns": 989997921, "longitudinal_velocity": 0.348041832447052, "lateral_velocity": -0.0018685013055801392, "yaw_rate": -0.0012783173006027937}}
{"data": {"timestamp_sec": 93, "timestamp_ns": 989997899, "longitudinal_velocity": 0.0, "lateral_velocity": -0.0, "yaw_rate": 5.326322207110934e-05}}
{"data": {"timestamp_sec": 94, "timestamp_ns": 989997876, "longitudinal_velocity": 0.0, "lateral_velocity": -0.0, "yaw_rate": -0.0}}
{"data": {"timestamp_sec": 95, "timestamp_ns": 989997854, "longitudinal_velocity": 0.0, "lateral_velocity": -0.0, "yaw_rate": -0.0}}
{"data": {"timestamp_sec": 96, "timestamp_ns": 989997832, "longitudinal_velocity": 0.0, "lateral_velocity": -0.0, "yaw_rate": -0.0}}
{"data": {"timestamp_sec": 105, "timestamp_ns": 989997630, "longitudinal_velocity": 0.30008450150489807, "lateral_velocity": 8.5487961769104e-05, "yaw_rate": 0.0001597896625753492}}
{"data": {"timestamp_sec": 106, "timestamp_ns": 989997608, "longitudinal_velocity": 0.7459565997123718, "lateral_velocity": 0.0010697543621063232, "yaw_rate": 0.0011717908782884479}}
{"data": {"timestamp_sec": 107, "timestamp_ns": 989997586, "longitudinal_velocity": 1.2507802248001099, "lateral_velocity": 0.004946112632751465, "yaw_rate": 0.003355582943186164}}
{"data": {"timestamp_sec": 108, "timestamp_ns": 989997563, "longitudinal_velocity": 2.1994142532348633, "lateral_velocity": 0.006398558616638184, "yaw_rate": 0.006711165886372328}}
{"data": {"timestamp_sec": 109, "timestamp_ns": 989997541, "longitudinal_velocity": 2.931731700897217, "lateral_velocity": -0.00028765201568603516, "yaw_rate": 0.0019174759509041905}}
{"data": {"timestamp_sec": 110, "timestamp_ns": 989997519, "longitudinal_velocity": 3.2960729598999023, "lateral_velocity": 0.006368517875671387, "yaw_rate": 0.0006391586503013968}}
{"data": {"timestamp_sec": 111, "timestamp_ns": 989997496, "longitudinal_velocity": 3.361546516418457, "lateral_velocity": 0.11384916305541992, "yaw_rate": 0.09582053869962692}}
{"data": {"timestamp_sec": 112, "timestamp_ns": 989997474, "longitudinal_velocity": 3.691626787185669, "lateral_velocity": 0.1597515344619751, "yaw_rate": 0.14157363772392273}}
{"data": {"timestamp_sec": 113, "timestamp_ns": 989997452, "longitudinal_velocity": 4.20850944519043, "lateral_velocity": 0.23166143894195557, "yaw_rate": 0.2010153979063034}}
{"data": {"timestamp_sec": 114, "timestamp_ns": 989997429, "longitudinal_velocity": 4.341334342956543, "lateral_velocity": 0.26753056049346924, "yaw_rate": 0.23457123339176178}}
{"data": {"timestamp_sec": 115, "timestamp_ns": 989997407, "longitudinal_velocity": 4.465456962585449, "lateral_velocity": 0.24196359515190125, "yaw_rate": 0.21108214557170868}}
{"data": {"timestamp_sec": 116, "timestamp_ns": 989997385, "longitudinal_velocity": 4.990417957305908, "lateral_velocity": 0.15163815021514893, "yaw_rate": 0.13278521597385406}}
{"data": {"timestamp_sec": 117, "timestamp_ns": 989997362, "longitudinal_velocity": 5.229891777038574, "lateral_velocity": 0.0370333194732666, "yaw_rate": 0.035526569932699203}}
{"data": {"timestamp_sec": 118, "timestamp_ns": 989997340, "longitudinal_velocity": 5.05640172958374, "lateral_velocity": 0.019069910049438477, "yaw_rate": 0.015073491260409355}}
{"data": {"timestamp_sec": 119, "timestamp_ns": 989997318, "longitudinal_velocity": 4.611964702606201, "lateral_velocity": 0.006112635135650635, "yaw_rate": 0.004953479394316673}}
{"data": {"timestamp_sec": 120, "timestamp_ns": 989997295, "longitudinal_velocity": 4.131625652313232, "lateral_velocity": 0.00011146068572998047, "yaw_rate": 0.0010120011866092682}}
{"data": {"timestamp_sec": 121, "timestamp_ns": 989997273, "longitudinal_velocity": 3.638672351837158, "lateral_velocity": 0.0005820393562316895, "yaw_rate": 0.00010652644414221868}}
{"data": {"timestamp_sec": 122, "timestamp_ns": 989997250, "longitudinal_velocity": 3.146519422531128, "lateral_velocity": 0.012631416320800781, "yaw_rate": 0.011345066130161285}}
{"data": {"timestamp_sec": 123, "timestamp_ns": 989997228, "longitudinal_velocity": 2.6419897079467773, "lateral_velocity": -0.023310065269470215, "yaw_rate": -0.0204530768096447}}
{"data": {"timestamp_sec": 124, "timestamp_ns": 989997206, "longitudinal_velocity": 2.1203417778015137, "lateral_velocity": -0.033426374197006226, "yaw_rate": -0.029294772073626518}}
