{"data": {"timestamp_sec": 75, "timestamp_ns": 989998301, "steering_angle": -0.0}}
{"data": {"timestamp_sec": 76, "timestamp_ns": 989998279, "steering_angle": -0.0}}
{"data": {"timestamp_sec": 77, "timestamp_ns": 989998256, "steering_angle": -0.0}}
{"data": {"timestamp_sec": 78, "timestamp_ns": 989998234, "steering_angle": -0.0}}
{"data": {"timestamp_sec": 81, "timestamp_ns": 989998167, "steering_angle": -0.003572419285774231}}
{"data": {"timestamp_sec": 82, "timestamp_ns": 989998145, "steering_angle": -0.006896693259477615}}
{"data": {"timestamp_sec": 83, "timestamp_ns": 989998122, "steering_angle": -0.015556628815829754}}
{"data": {"timestamp_sec": 84, "timestamp_ns": 989998100, "steering_angle": -0.0037070605903863907}}
{"data": {"timestamp_sec": 85, "timestamp_ns": 989998077, "steering_angle": 0.00919333752244711}}
{"data": {"timestamp_sec": 86, "timestamp_ns": 989998055, "steering_angle": -0.02557544969022274}}
{"data": {"timestamp_sec": 87, "timestamp_ns": 989998033, "steering_angle": -0.005918123759329319}}
{"data": {"timestamp_sec": 88, "timestamp_ns": 989998010, "steering_angle": -0.006242101080715656}}
{"data": {"timestamp_sec": 89, "timestamp_ns": 989997988, "steering_angle": -0.016410810872912407}}
{"data": {"timestamp_sec": 90, "timestamp_ns": 989997966, "steering_angle": 0.0006966403452679515}}
{"data": {"timestamp_sec": 91, "timestamp_ns": 989997943, "steering_angle": -0.014389042742550373}}
{"data": {"timestamp_sec": 92, "timestamp_ns": 989997921, "steering_angle": -0.009713518433272839}}
{"data": {"timestamp_sec": 93, "timestamp_ns": 989997899, "steering_angle": -6.40818552710698e-06}}
{"data": {"timestamp_sec": 94, "timestamp_ns": 989997876, "steering_angle": 1.517174652576614e-08}}
{"data": {"timestamp_sec": 95, "timestamp_ns": 989997854, "steering_angle": 1.5962660526724903e-08}}
{"data": {"timestamp_sec": 96, "timestamp_ns": 989997832, "steering_angle": 1.5944049636118507e-08}}
{"data": {"timestamp_sec": 105, "timestamp_ns": 989997630, "steering_angle": 0.002226240001618862}}
{"data": {"timestamp_sec": 106, "timestamp_ns": 989997608, "steering_angle": 0.005725058726966381}}
{"data": {"timestamp_sec": 107, "timestamp_ns": 989997586, "steering_angle": 0.006931582000106573}}
{"data": {"timestamp_sec": 108, "timestamp_ns": 989997563, "steering_angle": 0.008101139217615128}}
{"data": {"timestamp_sec": 109, "timestamp_ns": 989997541, "steering_angle": 0.011031675152480602}}
{"data": {"timestamp_sec": 110, "timestamp_ns": 989997519, "steering_angle": 0.0010968876304104924}}
{"data": {"timestamp_sec": 111, "timestamp_ns": 989997496, "steering_angle": 0.07533743232488632}}
{"data": {"timestamp_sec": 112, "timestamp_ns": 989997474, "steering_angle": 0.11011690646409988}}
{"data": {"timestamp_sec": 113, "timestamp_ns": 989997452, "steering_angle": 0.13198795914649963}}
{"data": {"timestamp_sec": 114, "timestamp_ns": 989997429, "steering_angle": 0.1506909430027008}}
{"data": {"timestamp_sec": 115, "timestamp_ns": 989997407, "steering_angle": 0.12960746884346008}}
{"data": {"timestamp_sec": 116, "timestamp_ns": 989997385, "steering_angle": 0.06964018195867538}}
{"data": {"timestamp_sec": 117, "timestamp_ns": 989997362, "steering_angle": 0.019442077726125717}}
{"data": {"timestamp_sec": 118, "timestamp_ns": 989997340, "steering_angle": 0.007652809843420982}}
{"data": {"timestamp_sec": 119, "timestamp_ns": 989997318, "steering_angle": 0.002883718814700842}}
{"data": {"timestamp_sec": 120, "timestamp_ns": 989997295, "steering_angle": 0.0004862099012825638}}
{"data": {"timestamp_sec": 121, "timestamp_ns": 989997273, "steering_angle": 0.004294539336115122}}
{"data": {"timestamp_sec": 122, "timestamp_ns": 989997250, "steering_angle": 0.007975149899721146}}
{"data": {"timestamp_sec": 123, "timestamp_ns": 989997228, "steering_angle": -0.02277481183409691}}
{"data": {"timestamp_sec": 124, "timestamp_ns": 989997206, "steering_angle": -0.03855101019144058}}
