{"data": {"timestamp_sec": 1384, "timestamp_ns": 559969052, "position": {"x": 81505.64476802386, "y": 50002.76706642359, "z": 41.90098755779365}, "orientation": {"x": -0.008637612698040472, "y": -0.002163565712578705, "z": 0.1921223315203799, "w": 0.9813305866839468}}}
{"data": {"timestamp_sec": 1385, "timestamp_ns": 19969042, "position": {"x": 81505.64521255836, "y": 50002.7672551799, "z": 41.90076098273015}, "orientation": {"x": -0.008639960632150976, "y": -0.002162635967241194, "z": 0.192124156215217, "w": 0.9813302108284139}}}
{"data": {"timestamp_sec": 1386, "timestamp_ns": 19969020, "position": {"x": 81505.64463003646, "y": 50002.767033952536, "z": 41.900614314218096}, "orientation": {"x": -0.008637817799190267, "y": -0.0021749184263045542, "z": 0.19211504930705975, "w": 0.9813319854479691}}}
{"data": {"timestamp_sec": 1387, "timestamp_ns": 19968997, "position": {"x": 81505.6444842342, "y": 50002.76699082018, "z": 41.90054188045076}, "orientation": {"x": -0.008637258349269896, "y": -0.002180264951130881, "z": 0.19210930103546042, "w": 0.98133310382796}}}
{"data": {"timestamp_sec": 1388, "timestamp_ns": 19968975, "position": {"x": 81505.64509979183, "y": 50002.767255305596, "z": 41.90056211162875}, "orientation": {"x": -0.008635720182612735, "y": -0.0021762704452862346, "z": 0.19211073640806473, "w": 0.981332845236838}}}
{"data": {"timestamp_sec": 1389, "timestamp_ns": 19968952, "position": {"x": 81505.64501810646, "y": 50002.76723683265, "z": 41.90048449390949}, "orientation": {"x": -0.008634673604902936, "y": -0.002168120099532963, "z": 0.19211220535659262, "w": 0.9813325849170592}}}
{"data": {"timestamp_sec": 1390, "timestamp_ns": 19968930, "position": {"x": 81505.64449897713, "y": 50002.767041175975, "z": 41.9004518821378}, "orientation": {"x": -0.008635089729685606, "y": -0.0021672000331078274, "z": 0.19211534019442214, "w": 0.9813319695859083}}}
{"data": {"timestamp_sec": 1391, "timestamp_ns": 29968908, "position": {"x": 81505.69054227773, "y": 50002.785800229474, "z": 41.92974976958333}, "orientation": {"x": -0.008663174978379757, "y": -0.0024058917011009085, "z": 0.1921028414178792, "w": 0.9813336126942731}}}
{"data": {"timestamp_sec": 1392, "timestamp_ns": 19968885, "position": {"x": 81506.13925617772, "y": 50002.96820984078, "z": 41.932725985802}, "orientation": {"x": -0.008434519528501501, "y": -0.0028492015852899124, "z": 0.1914107479691464, "w": 0.9814696462410549}}}
{"data": {"timestamp_sec": 1393, "timestamp_ns": 19968863, "position": {"x": 81507.15188500733, "y": 50003.37522186109, "z": 41.93507868508589}, "orientation": {"x": -0.008450641811980492, "y": -0.0027903399601992753, "z": 0.1879934045587126, "w": 0.9821299712860292}}}
{"data": {"timestamp_sec": 1394, "timestamp_ns": 19968841, "position": {"x": 81508.56386993371, "y": 50003.92911240912, "z": 41.93687799977827}, "orientation": {"x": -0.008456151114834474, "y": -0.0027838272315686263, "z": 0.18388530020810936, "w": 0.9829073914574259}}}
{"data": {"timestamp_sec": 1395, "timestamp_ns": 9968819, "position": {"x": 81510.19820633606, "y": 50004.55966784682, "z": 41.934877386653554}, "orientation": {"x": -0.008599787805556425, "y": -0.002909018061632928, "z": 0.1802731205280084, "w": 0.9835746963391803}}}
{"data": {"timestamp_sec": 1396, "timestamp_ns": 9968796, "position": {"x": 81511.71076419168, "y": 50005.12758706826, "z": 41.9434975177021}, "orientation": {"x": -0.008631450325857238, "y": -0.002754198635437923, "z": 0.1752662891900922, "w": 0.984479375268311}}}
{"data": {"timestamp_sec": 1397, "timestamp_ns": 29968773, "position": {"x": 81512.83343715525, "y": 50005.53853739785, "z": 41.94692157170369}, "orientation": {"x": -0.008608243792449725, "y": -0.0027594493199217863, "z": 0.17146572722485232, "w": 0.9851486121218023}}}
{"data": {"timestamp_sec": 1398, "timestamp_ns": 19968751, "position": {"x": 81513.53778670427, "y": 50005.79057833824, "z": 41.950253538173186}, "orientation": {"x": -0.008567624420162803, "y": -0.0028942669296205606, "z": 0.1691901544835162, "w": 0.9855419375432884}}}
{"data": {"timestamp_sec": 1399, "timestamp_ns": 29968729, "position": {"x": 81513.85762486386, "y": 50005.90507652396, "z": 41.95060545956681}, "orientation": {"x": -0.008541082994215231, "y": -0.0029245873886348276, "z": 0.1683670436416909, "w": 0.9856830298352759}}}
{"data": {"timestamp_sec": 1400, "timestamp_ns": 9968707, "position": {"x": 81513.89772198857, "y": 50005.919462622485, "z": 41.951464046615435}, "orientation": {"x": -0.008512749679066222, "y": -0.0029801092792906144, "z": 0.1682140913440158, "w": 0.9857092225980704}}}
{"data": {"timestamp_sec": 1401, "timestamp_ns": 19968684, "position": {"x": 81513.89124548792, "y": 50005.916768954135, "z": 41.951303503228196}, "orientation": {"x": -0.008519931089639499, "y": -0.0029883599523426296, "z": 0.16818891784045278, "w": 0.9857134311729145}}}
{"data": {"timestamp_sec": 1402, "timestamp_ns": 19968662, "position": {"x": 81513.88892546279, "y": 50005.91548242245, "z": 41.95230956715212}, "orientation": {"x": -0.00850614786612705, "y": -0.002990877301143716, "z": 0.16818867172320773, "w": 0.985713584569794}}}
{"data": {"timestamp_sec": 1403, "timestamp_ns": 19968640, "position": {"x": 81513.88954126014, "y": 50005.915447705556, "z": 41.952291560443335}, "orientation": {"x": -0.008503543633530957, "y": -0.0029874922278738877, "z": 0.16819627643023097, "w": 0.9857123197114188}}}
{"data": {"timestamp_sec": 1404, "timestamp_ns": 29968617, "position": {"x": 81513.88945223526, "y": 50005.91502896576, "z": 41.952372879356695}, "orientation": {"x": -0.008499462960175721, "y": -0.002974915727521799, "z": 0.16818815795500505, "w": 0.9857137781980655}}}
{"data": {"timestamp_sec": 1405, "timestamp_ns": 19968595, "position": {"x": 81513.88956784087, "y": 50005.91479385945, "z": 41.95225189278644}, "orientation": {"x": -0.00849656815927964, "y": -0.0029661610768125677, "z": 0.16819266542516897, "w": 0.9857130604365341}}}
{"data": {"timestamp_sec": 1406, "timestamp_ns": 9968573, "position": {"x": 81513.88957051837, "y": 50005.91446187476, "z": 41.95217965110709}, "orientation": {"x": -0.008490090690337496, "y": -0.0029615140934748023, "z": 0.16819939582356616, "w": 0.9857119817872415}}}
{"data": {"timestamp_sec": 1407, "timestamp_ns": 19968550, "position": {"x": 81513.88972435241, "y": 50005.91425864623, "z": 41.95263715924502}, "orientation": {"x": -0.00847862543341769, "y": -0.0029611688321399443, "z": 0.1682054255612428, "w": 0.9857110525918175}}}
{"data": {"timestamp_sec": 1408, "timestamp_ns": 19968528, "position": {"x": 81513.88957760384, "y": 50005.914197562524, "z": 41.952475423864676}, "orientation": {"x": -0.008492722973663264, "y": -0.002979501557940645, "z": 0.16821756388723266, "w": 0.9857088045801377}}}
{"data": {"timestamp_sec": 1409, "timestamp_ns": 19968505, "position": {"x": 81513.88714920582, "y": 50005.91372042159, "z": 41.95247699796569}, "orientation": {"x": -0.008467043150688832, "y": -0.0029517151481964236, "z": 0.16816088948343583, "w": 0.9857187792702885}}}
{"data": {"timestamp_sec": 1410, "timestamp_ns": 19968483, "position": {"x": 81513.8894699515, "y": 50005.914725680515, "z": 41.95117985371821}, "orientation": {"x": -0.008469638799622637, "y": -0.002927346173506191, "z": 0.1681598676188905, "w": 0.9857190039688702}}}
{"data": {"timestamp_sec": 1411, "timestamp_ns": 29968461, "position": {"x": 81513.88903655292, "y": 50005.91450103873, "z": 41.95193542263713}, "orientation": {"x": -0.008493214615546422, "y": -0.002948310247199718, "z": 0.1681682862365718, "w": 0.9857173024130371}}}
{"data": {"timestamp_sec": 1412, "timestamp_ns": 19968438, "position": {"x": 81513.89597897945, "y": 50005.9169618716, "z": 41.951609884787146}, "orientation": {"x": -0.0084835823221266, "y": -0.0031066579638075317, "z": 0.1681509879078174, "w": 0.9857198500450848}}}
{"data": {"timestamp_sec": 1413, "timestamp_ns": 19968416, "position": {"x": 81514.16940576106, "y": 50006.01318411985, "z": 41.95206556375794},