{"data": {"timestamp_sec": 1384, "timestamp_ns": 549969052, "longitudinal_velocity": 0.0, "lateral_velocity": -0.0, "yaw_rate": -0.0}}
{"data": {"timestamp_sec": 1385, "timestamp_ns": 29969042, "longitudinal_velocity": 0.0, "lateral_velocity": -0.0, "yaw_rate": -0.0}}
{"data": {"timestamp_sec": 1386, "timestamp_ns": 29969019, "longitudinal_velocity": 0.0, "lateral_velocity": -0.0, "yaw_rate": -0.0}}
{"data": {"timestamp_sec": 1387, "timestamp_ns": 29968997, "longitudinal_velocity": 0.0, "lateral_velocity": -0.0, "yaw_rate": -0.0}}
{"data": {"timestamp_sec": 1388, "timestamp_ns": 29968975, "longitudinal_velocity": 0.0, "lateral_velocity": -0.0, "yaw_rate": -0.0}}
{"data": {"timestamp_sec": 1389, "timestamp_ns": 29968952, "longitudinal_velocity": 0.0, "lateral_velocity": -0.0, "yaw_rate": -0.0}}
{"data": {"timestamp_sec": 1390, "timestamp_ns": 29968930, "longitudinal_velocity": 0.0, "lateral_velocity": -0.0, "yaw_rate": -0.0}}
{"data": {"timestamp_sec": 1391, "timestamp_ns": 29968908, "longitudinal_velocity": 0.2126351147890091, "lateral_velocity": 0.0011408403515815735, "yaw_rate": -0.0002663161139935255}}
{"data": {"timestamp_sec": 1392, "timestamp_ns": 29968885, "longitudinal_velocity": 0.8390406370162964, "lateral_velocity": -0.002034783363342285, "yaw_rate": -0.0034088462125509977}}
{"data": {"timestamp_sec": 1393, "timestamp_ns": 29968863, "longitudinal_velocity": 1.339078664779663, "lateral_velocity": -0.009676337242126465, "yaw_rate": -0.009853695519268513}}
{"data": {"timestamp_sec": 1394, "timestamp_ns": 29968841, "longitudinal_velocity": 1.6838639974594116, "lateral_velocity": -0.004559159278869629, "yaw_rate": -0.005592638161033392}}
{"data": {"timestamp_sec": 1395, "timestamp_ns": 29968818, "longitudinal_velocity": 1.7397634983062744, "lateral_velocity": -0.01095271110534668, "yaw_rate": -0.011025486513972282}}
{"data": {"timestamp_sec": 1396, "timestamp_ns": 29968796, "longitudinal_velocity": 1.40200674533844, "lateral_velocity": -0.008963018655776978, "yaw_rate": -0.009161273948848248}}
{"data": {"timestamp_sec": 1397, "timestamp_ns": 29968773, "longitudinal_velocity": 0.9604747295379639, "lateral_velocity": -0.005433917045593262, "yaw_rate": -0.006125270389020443}}
{"data": {"timestamp_sec": 1398, "timestamp_ns": 29968751, "longitudinal_velocity": 0.5172595977783203, "lateral_velocity": -0.0012485235929489136, "yaw_rate": -0.0025566346012055874}}
{"data": {"timestamp_sec": 1399, "timestamp_ns": 29968729, "longitudinal_velocity": 0.18013131618499756, "lateral_velocity": 0.0009438320994377136, "yaw_rate": -0.0007456850726157427}}
{"data": {"timestamp_sec": 1400, "timestamp_ns": 29968706, "longitudinal_velocity": 0.0, "lateral_velocity": -0.0, "yaw_rate": -0.0}}
{"data": {"timestamp_sec": 1401, "timestamp_ns": 29968684, "longitudinal_velocity": 0.0, "lateral_velocity": -0.0, "yaw_rate": -0.0}}
{"data": {"timestamp_sec": 1402, "timestamp_ns": 29968662, "longitudinal_velocity": 0.0, "lateral_velocity": -0.0, "yaw_rate": -0.0}}
{"data": {"timestamp_sec": 1403, "timestamp_ns": 29968639, "longitudinal_velocity": 0.0, "lateral_velocity": -0.0, "yaw_rate": -0.0}}
{"data": {"timestamp_sec": 1404, "timestamp_ns": 29968617, "longitudinal_velocity": 0.0, "lateral_velocity": -0.0, "yaw_rate": -0.0}}
{"data": {"timestamp_sec": 1405, "timestamp_ns": 29968595, "longitudinal_velocity": 0.0, "lateral_velocity": -0.0, "yaw_rate": -0.0}}
{"data": {"timestamp_sec": 1406, "timestamp_ns": 29968572, "longitudinal_velocity": 0.0, "lateral_velocity": -0.0, "yaw_rate": -0.0}}
{"data": {"timestamp_sec": 1407, "timestamp_ns": 29968550, "longitudinal_velocity": 0.0, "lateral_velocity": -0.0, "yaw_rate": -0.0}}
{"data": {"timestamp_sec": 1408, "timestamp_ns": 29968528, "longitudinal_velocity": 0.0, "lateral_velocity": -0.0, "yaw_rate": -0.0}}
{"data": {"timestamp_sec": 1409, "timestamp_ns": 29968505, "longitudinal_velocity": 0.0, "lateral_velocity": -0.0, "yaw_rate": -0.0}}
{"data": {"timestamp_sec": 1410, "timestamp_ns": 29968483, "longitudinal_velocity": 0.0, "lateral_velocity": -0.0, "yaw_rate": -0.0}}
{"data": {"timestamp_sec": 1411, "timestamp_ns": 29968461, "longitudinal_velocity": 0.0, "lateral_velocity": -0.0, "yaw_rate": -0.0}}
{"data": {"timestamp_sec": 1412, "timestamp_ns": 29968438, "longitudinal_velocity": 0.08516585826873779, "lateral_velocity": 0.0016195252537727356, "yaw_rate": -0.0003195793251506984}}
{"data": {"timestamp_sec": 1413, "timestamp_ns": 29968416, "longitudinal_velocity": 0.651565670967102, "lateral_velocity": 0.0003178715705871582, "yaw_rate": -0.0013848437229171395}}
{"data": {"timestamp_sec": 1414, "timestamp_ns": 29968393, "longitudinal_velocity": 1.5384879112243652, "lateral_velocity": -0.001427680253982544, "yaw_rate": -0.002237055217847228}}
{"data": {"timestamp_sec": 1415, "timestamp_ns": 29968371, "longitudinal_velocity": 2.4500436782836914, "lateral_velocity": -0.005351543426513672, "yaw_rate": -0.006018743850290775}}
{"data": {"timestamp_sec": 1416, "timestamp_ns": 29968349, "longitudinal_velocity": 3.379859447479248, "lateral_velocity": -0.013653397560119629, "yaw_rate": -0.012144014239311218}}
{"data": {"timestamp_sec": 1417, "timestamp_ns": 29968326, "longitudinal_velocity": 4.353187084197998, "lateral_velocity": -0.014031529426574707, "yaw_rate": -0.01810949482023716}}
{"data": {"timestamp_sec": 1418, "timestamp_ns": 29968304, "longitudinal_velocity": 5.330648899078369, "lateral_velocity": -0.025719165802001953, "yaw_rate": -0.024394555017352104}}
{"data": {"timestamp_sec": 1419, "timestamp_ns": 29968282, "longitudinal_velocity": 6.305141925811768, "lateral_velocity": -0.030934453010559082, "yaw_rate": -0.030040455982089043}}
{"data": {"timestamp_sec": 1420, "timestamp_ns": 29968259, "longitudinal_velocity": 7.302120685577393, "lateral_velocity": -0.027757883071899414, "yaw_rate": -0.03105245716869831}}
{"data": {"timestamp_sec": 1421, "timestamp_ns": 29968237, "longitudinal_velocity": 8.345259666442871, "lateral_velocity": -0.01642918586730957, "yaw_rate": -0.019707391038537025}}
{"data": {"timestamp_sec": 1422, "timestamp_ns": 29968215, "longitudinal_velocity": 8.959724426269531, "lateral_velocity": -0.0030814409255981445, "yaw_rate": -0.006231796927750111}}
{"data": {"timestamp_sec": 1423, "timestamp_ns": 29968192, "longitudinal_velocity": 9.15098762512207, "lateral_velocity": 0.003012537956237793, "yaw_rate": 0.0001597896625753492}}
{"data": {"timestamp_sec": 1424, "timestamp_ns": 29968170, "longitudinal_velocity": 9.57485294342041, "lateral_velocity": 0.0017179250717163086, "yaw_rate": -0.0010120011866092682}}
{"data": {"timestamp_sec": 1425, "timestamp_ns": 29968148, "longitudinal_velocity": 9.54013729095459, "lateral_velocity": 0.004661083221435547, "yaw_rate": 0.0029827402904629707}}
{"data": {"timestamp_sec": 1426, "timestamp_ns": 29968125, "longitudinal_velocity": 9.230829238891602, "lateral_velocity": 0.00656735897064209, "yaw_rate": 0.004793690051883459}}
{"data": {"timestamp_sec": 1427, "timestamp_ns": 29968103, "longitudinal_velocity": 9.154397010803223, "lateral_velocity": 0.017870306968688965, "yaw_rate": 0.01528654433786869}}
{"data": {"timestamp_sec": 1428, "timestamp_ns": 29968081, "longitudinal_velocity": 9.12145709991455, "lateral_velocity": 0.037279725074768066, "yaw_rate": 0.03446130454540253}}
{"data": {"timestamp_sec": 1429, "timestamp_ns": 29968058, "longitudinal_velocity": 9.126302719116211, "lateral_velocity": 0.03883838653564453, "yaw_rate": 0.03435477614402771}}
{"data": {"timestamp_sec": 1430, "timestamp_ns": 29968036, "longitudinal_velocity": 9.150875091552734, "lateral_velocity": 0.014720916748046875, "yaw_rate": 0.011291802860796452}}
{"data": {"timestamp_sec": 1431, "timestamp_ns": 29968013, "longitudinal_velocity": 9.149456977844238, "lateral_velocity": -0.004979610443115234, "yaw_rate": -0.007190534844994545}}
{"data": {"timestamp_sec": 1432, "timestamp_ns": 29967991, "longitudinal_velocity": 8.839944839477539, "lateral_velocity": -0.03296232223510742,