{"data": {"timestamp_sec": 1384, "timestamp_ns": 549969052, "steering_angle": -0.013301868923008442}}
{"data": {"timestamp_sec": 1385, "timestamp_ns": 29969042, "steering_angle": -0.013301868923008442}}
{"data": {"timestamp_sec": 1386, "timestamp_ns": 29969019, "steering_angle": -0.013301868923008442}}
{"data": {"timestamp_sec": 1387, "timestamp_ns": 29968997, "steering_angle": -0.013301868923008442}}
{"data": {"timestamp_sec": 1388, "timestamp_ns": 29968975, "steering_angle": -0.013301868923008442}}
{"data": {"timestamp_sec": 1389, "timestamp_ns": 29968952, "steering_angle": -0.013301868923008442}}
{"data": {"timestamp_sec": 1390, "timestamp_ns": 29968930, "steering_angle": -0.0040961261838674545}}
{"data": {"timestamp_sec": 1391, "timestamp_ns": 29968908, "steering_angle": -0.004165810067206621}}
{"data": {"timestamp_sec": 1392, "timestamp_ns": 29968885, "steering_angle": -0.011128365993499756}}
{"data": {"timestamp_sec": 1393, "timestamp_ns": 29968863, "steering_angle": -0.020588651299476624}}
{"data": {"timestamp_sec": 1394, "timestamp_ns": 29968841, "steering_angle": -0.009111262857913971}}
{"data": {"timestamp_sec": 1395, "timestamp_ns": 29968818, "steering_angle": -0.01782725565135479}}
{"data": {"timestamp_sec": 1396, "timestamp_ns": 29968796, "steering_angle": -0.018404390662908554}}
{"data": {"timestamp_sec": 1397, "timestamp_ns": 29968773, "steering_angle": -0.017873411998152733}}
{"data": {"timestamp_sec": 1398, "timestamp_ns": 29968751, "steering_angle": -0.014183173887431622}}
{"data": {"timestamp_sec": 1399, "timestamp_ns": 29968729, "steering_angle": -0.01203486230224371}}
{"data": {"timestamp_sec": 1400, "timestamp_ns": 29968706, "steering_angle": -0.011941120959818363}}
{"data": {"timestamp_sec": 1401, "timestamp_ns": 29968684, "steering_angle": -0.011944936588406563}}
{"data": {"timestamp_sec": 1402, "timestamp_ns": 29968662, "steering_angle": -0.011924143880605698}}
{"data": {"timestamp_sec": 1403, "timestamp_ns": 29968639, "steering_angle": -0.011924228630959988}}
{"data": {"timestamp_sec": 1404, "timestamp_ns": 29968617, "steering_angle": -0.011918529868125916}}
{"data": {"timestamp_sec": 1405, "timestamp_ns": 29968595, "steering_angle": -0.011915380135178566}}
{"data": {"timestamp_sec": 1406, "timestamp_ns": 29968572, "steering_angle": -0.011908961459994316}}
{"data": {"timestamp_sec": 1407, "timestamp_ns": 29968550, "steering_angle": -0.011906471103429794}}
{"data": {"timestamp_sec": 1408, "timestamp_ns": 29968528, "steering_angle": -0.011909843422472477}}
{"data": {"timestamp_sec": 1409, "timestamp_ns": 29968505, "steering_angle": -0.011902166530489922}}
{"data": {"timestamp_sec": 1410, "timestamp_ns": 29968483, "steering_angle": -0.011915791779756546}}
{"data": {"timestamp_sec": 1411, "timestamp_ns": 29968461, "steering_angle": -0.011914953589439392}}
{"data": {"timestamp_sec": 1412, "timestamp_ns": 29968438, "steering_angle": -0.009504353627562523}}
{"data": {"timestamp_sec": 1413, "timestamp_ns": 29968416, "steering_angle": -0.0055908397771418095}}
{"data": {"timestamp_sec": 1414, "timestamp_ns": 29968393, "steering_angle": -0.004142910707741976}}
{"data": {"timestamp_sec": 1415, "timestamp_ns": 29968371, "steering_angle": -0.006874198094010353}}
{"data": {"timestamp_sec": 1416, "timestamp_ns": 29968349, "steering_angle": -0.010041124187409878}}
{"data": {"timestamp_sec": 1417, "timestamp_ns": 29968326, "steering_angle": -0.011451402679085732}}
{"data": {"timestamp_sec": 1418, "timestamp_ns": 29968304, "steering_angle": -0.012786110863089561}}
{"data": {"timestamp_sec": 1419, "timestamp_ns": 29968282, "steering_angle": -0.013334180228412151}}
{"data": {"timestamp_sec": 1420, "timestamp_ns": 29968259, "steering_angle": -0.011648468673229218}}
{"data": {"timestamp_sec": 1421, "timestamp_ns": 29968237, "steering_angle": -0.007670036982744932}}
{"data": {"timestamp_sec": 1422, "timestamp_ns": 29968215, "steering_angle": -0.0019211816834285855}}
{"data": {"timestamp_sec": 1423, "timestamp_ns": 29968192, "steering_angle": 2.441365722916089e-07}}
{"data": {"timestamp_sec": 1424, "timestamp_ns": 29968170, "steering_angle": -0.000316189689328894}}
{"data": {"timestamp_sec": 1425, "timestamp_ns": 29968148, "steering_angle": 0.0009278742945753038}}
{"data": {"timestamp_sec": 1426, "timestamp_ns": 29968125, "steering_angle": 0.0014228885993361473}}
{"data": {"timestamp_sec": 1427, "timestamp_ns": 29968103, "steering_angle": 0.004686484578996897}}
{"data": {"timestamp_sec": 1428, "timestamp_ns": 29968081, "steering_angle": 0.009533856995403767}}
{"data": {"timestamp_sec": 1429, "timestamp_ns": 29968058, "steering_angle": 0.010573864914476871}}
{"data": {"timestamp_sec": 1430, "timestamp_ns": 29968036, "steering_angle": 0.0035342592746019363}}
{"data": {"timestamp_sec": 1431, "timestamp_ns": 29968013, "steering_angle": -0.002482707379385829}}
{"data": {"timestamp_sec": 1432, "timestamp_ns": 29967991, "steering_angle": -0.012305128388106823}}
{"data": {"timestamp_sec": 1433, "timestamp_ns": 29967969, "steering_angle": -0.010339222848415375}}
{"data": {"timestamp_sec": 1434, "timestamp_ns": 29967946, "steering_angle": -0.005046530161052942}}
{"data": {"timestamp_sec": 1435, "timestamp_ns": 29967924, "steering_angle": -0.0026307846419513226}}
{"data": {"timestamp_sec": 1436, "timestamp_ns": 29967902, "steering_angle": -0.0009426207980141044}}
{"data": {"timestamp_sec": 1437, "timestamp_ns": 29967879, "steering_angle": -0.0003926894860342145}}
{"data": {"timestamp_sec": 1438, "timestamp_ns": 29967857, "steering_angle": 0.0001739049912430346}}
{"data": {"timestamp_sec": 1439, "timestamp_ns": 29967835, "steering_angle": 0.0018257694318890572}}
{"data": {"timestamp_sec": 1440, "timestamp_ns": 29967812, "steering_angle": 0.011371814645826817}}
{"data": {"timestamp_sec": 1441, "timestamp_ns": 29967790, "steering_angle": 0.012909653596580029}}
{"data": {"timestamp_sec": 1442, "timestamp_ns": 29967768, "steering_angle": 0.034961964935064316}}
{"data": {"timestamp_sec": 1443, "timestamp_ns": 29967745, "steering_angle": 0.10907821357250214}}
{"data": {"timestamp_sec": 1444, "timestamp_ns": 29967723, "steering_angle": 0.20824827253818512}}
{"data": {"timestamp_sec": 1445, "timestamp_ns": 29967701, "steering_angle": 0.27845850586891174}}
{"data": {"timestamp_sec": 1446, "timestamp_ns": 29967678, "steering_angle": 0.2563364803791046}}
{"data": {"timestamp_sec": 1447, "timestamp_ns": 29967656, "steering_angle": 0.19020435214042664}}
{"data": {"timestamp_sec": 1448, "timestamp_ns": 29967634, "steering_angle": 0.1154133677482605}}
{"data": {"timestamp_sec": 1449, "timestamp_ns": 29967611, "steering_angle": 0.04551205411553383}}
{"data": {"timestamp_sec": 1450, "timestamp_ns": 29967589, "steering_angle": 0.012260040268301964}}
{"data": {"timestamp_sec": 1451, "timestamp_ns": 29967566, "steering_angle": 0.0019435265567153692}}
{"data": {"timestamp_sec": 1452, "timestamp_ns": 29967544, "steering_angle": -0.002592790871858597}}
{"data": {"timestamp_sec": 1453, "timestamp_ns": 29967522, "steering_angle": -0.0047628493048250675}}
{"data": {"timestamp_sec": 1454, "timestamp_ns": 29967499, "steering_angle": -0.011144440621137619}}
{"data": {"timestamp_sec": 1455, "timestamp_ns": 29967477, "steering_angle": -0.0035734688863158226}}
{"data": {"timestamp_sec": 1456, "timestamp_ns": 29967455, "steering_angle": 0.015457657165825367}}
{"data": {"timestamp_sec": 1457, "timestamp_ns": 29967432, "steering_angle": 0.026673698797822}}
